2013090600011260,微山县供电公司,山东,从今天起，告别排队，告别等待，查询缴费分分钟搞定！,为您提供免费的查询、缴费、提醒、自动代扣等服务。让您足不出户，享受一站式缴费服务。本服务由支付宝官方提供。
2013090600011270,鱼台县供电公司,山东,从今天起，告别排队，告别等待，查询缴费分分钟搞定！,为您提供免费的查询、缴费、提醒、自动代扣等服务。让您足不出户，享受一站式缴费服务。本服务由支付宝官方提供。
2013090600011270,金乡县供电公司,山东,从今天起，告别排队，告别等待，查询缴费分分钟搞定！,为您提供免费的查询、缴费、提醒、自动代扣等服务。让您足不出户，享受一站式缴费服务。本服务由支付宝官方提供。
2013090600011270,嘉祥县供电公司,山东,从今天起，告别排队，告别等待，查询缴费分分钟搞定！,为您提供免费的查询、缴费、提醒、自动代扣等服务。让您足不出户，享受一站式缴费服务。本服务由支付宝官方提供。
2013090600011270,汶上县供电公司,山东,从今天起，告别排队，告别等待，查询缴费分分钟搞定！,为您提供免费的查询、缴费、提醒、自动代扣等服务。让您足不出户，享受一站式缴费服务。本服务由支付宝官方提供。
2013090600011270,泗水县供电公司,山东,从今天起，告别排队，告别等待，查询缴费分分钟搞定！,为您提供免费的查询、缴费、提醒、自动代扣等服务。让您足不出户，享受一站式缴费服务。本服务由支付宝官方提供。
2013090600011270,梁山县供电公司,山东,从今天起，告别排队，告别等待，查询缴费分分钟搞定！,为您提供免费的查询、缴费、提醒、自动代扣等服务。让您足不出户，享受一站式缴费服务。本服务由支付宝官方提供。
2013090600011270,曲阜市供电公司,山东,从今天起，告别排队，告别等待，查询缴费分分钟搞定！,为您提供免费的查询、缴费、提醒、自动代扣等服务。让您足不出户，享受一站式缴费服务。本服务由支付宝官方提供。
2013090600011270,邹城市供电公司,山东,从今天起，告别排队，告别等待，查询缴费分分钟搞定！,为您提供免费的查询、缴费、提醒、自动代扣等服务。让您足不出户，享受一站式缴费服务。本服务由支付宝官方提供。
2013090600011270,泰安供电公司,山东,从今天起，告别排队，告别等待，查询缴费分分钟搞定！,为您提供免费的查询、缴费、提醒、自动代扣等服务。让您足不出户，享受一站式缴费服务。本服务由支付宝官方提供。
2013090600011270,宁阳县供电公司,山东,从今天起，告别排队，告别等待，查询缴费分分钟搞定！,为您提供免费的查询、缴费、提醒、自动代扣等服务。让您足不出户，享受一站式缴费服务。本服务由支付宝官方提供。
2013090600011280,东平县供电公司,山东,从今天起，告别排队，告别等待，查询缴费分分钟搞定！,为您提供免费的查询、缴费、提醒、自动代扣等服务。让您足不出户，享受一站式缴费服务。本服务由支付宝官方提供。
2013090600011280,新泰市供电公司,山东,从今天起，告别排队，告别等待，查询缴费分分钟搞定！,为您提供免费的查询、缴费、提醒、自动代扣等服务。让您足不出户，享受一站式缴费服务。本服务由支付宝官方提供。
2013090600011280,肥城市供电公司,山东,从今天起，告别排队，告别等待，查询缴费分分钟搞定！,为您提供免费的查询、缴费、提醒、自动代扣等服务。让您足不出户，享受一站式缴费服务。本服务由支付宝官方提供。
2013090600011280,威海供电公司,山东,从今天起，告别排队，告别等待，查询缴费分分钟搞定！,为您提供免费的查询、缴费、提醒、自动代扣等服务。让您足不出户，享受一站式缴费服务。本服务由支付宝官方提供。
2013090600011280,文登市供电公司,山东,从今天起，告别排队，告别等待，查询缴费分分钟搞定！,为您提供免费的查询、缴费、提醒、自动代扣等服务。让您足不出户，享受一站式缴费服务。本服务由支付宝官方提供。
2013090600011280,荣成市供电公司,山东,从今天起，告别排队，告别等待，查询缴费分分钟搞定！,为您提供免费的查询、缴费、提醒、自动代扣等服务。让您足不出户，享受一站式缴费服务。本服务由支付宝官方提供。
2013090600011280,乳山市供电公司,山东,从今天起，告别排队，告别等待，查询缴费分分钟搞定！,为您提供免费的查询、缴费、提醒、自动代扣等服务。让您足不出户，享受一站式缴费服务。本服务由支付宝官方提供。
2013090600011280,日照供电公司,山东,从今天起，告别排队，告别等待，查询缴费分分钟搞定！,为您提供免费的查询、缴费、提醒、自动代扣等服务。让您足不出户，享受一站式缴费服务。本服务由支付宝官方提供。
2013090600011280,五莲县供电公司,山东,从今天起，告别排队，告别等待，查询缴费分分钟搞定！,为您提供免费的查询、缴费、提醒、自动代扣等服务。让您足不出户，享受一站式缴费服务。本服务由支付宝官方提供。
2013090600011280,莒县供电公司,山东,从今天起，告别排队，告别等待，查询缴费分分钟搞定！,为您提供免费的查询、缴费、提醒、自动代扣等服务。让您足不出户，享受一站式缴费服务。本服务由支付宝官方提供。
2013090600011290,莱芜供电公司,山东,从今天起，告别排队，告别等待，查询缴费分分钟搞定！,为您提供免费的查询、缴费、提醒、自动代扣等服务。让您足不出户，享受一站式缴费服务。本服务由支付宝官方提供。
2013090600011290,临沂供电公司,山东,从今天起，告别排队，告别等待，查询缴费分分钟搞定！,为您提供免费的查询、缴费、提醒、自动代扣等服务。让您足不出户，享受一站式缴费服务。本服务由支付宝官方提供。
2013090600011510,泰州港华燃气公司,江苏,从今天起，告别排队，告别等待，查询缴费分分钟搞定！,为您提供免费的查询、缴费、提醒、自动代扣等服务。让您足不出户，享受一站式缴费服务。本服务由支付宝官方提供。
2013090600011510,淮安市新奥燃气公司,江苏,从今天起，告别排队，告别等待，查询缴费分分钟搞定！,为您提供免费的查询、缴费、提醒、自动代扣等服务。让您足不出户，享受一站式缴费服务。本服务由支付宝官方提供。
2013090600011510,连云港燃气公司,江苏,从今天起，告别排队，告别等待，查询缴费分分钟搞定！,为您提供免费的查询、缴费、提醒、自动代扣等服务。让您足不出户，享受一站式缴费服务。本服务由支付宝官方提供。
2013090600011510,镇江市丹阳港华燃气公司,江苏,从今天起，告别排队，告别等待，查询缴费分分钟搞定！,为您提供免费的查询、缴费、提醒、自动代扣等服务。让您足不出户，享受一站式缴费服务。本服务由支付宝官方提供。
2013090600011510,马鞍山市港华燃气有限公司,安徽,从今天起，告别排队，告别等待，查询缴费分分钟搞定！,为您提供免费的查询、缴费、提醒、自动代扣等服务。让您足不出户，享受一站式缴费服务。本服务由支付宝官方提供。
2013090600011520,上海燃气大众销售有限公司(户号),上海,从今天起，告别排队，告别等待，查询缴费分分钟搞定！,为您提供免费的查询、缴费、提醒、自动代扣等服务。让您足不出户，享受一站式缴费服务。本服务由支付宝官方提供。
2013090600011520,上海燃气市北销售有限公司(户号),上海,从今天起，告别排队，告别等待，查询缴费分分钟搞定！,为您提供免费的查询、缴费、提醒、自动代扣等服务。让您足不出户，享受一站式缴费服务。本服务由支付宝官方提供。
2013090600011520,昆明华润燃气有限公司,云南,从今天起，告别排队，告别等待，查询缴费分分钟搞定！,为您提供免费的查询、缴费、提醒、自动代扣等服务。让您足不出户，享受一站式缴费服务。本服务由支付宝官方提供。
2013090600011520,上海石化燃气有限公司(条形码),上海,从今天起，告别排队，告别等待，查询缴费分分钟搞定！,为您提供免费的查询、缴费、提醒、自动代扣等服务。让您足不出户，享受一站式缴费服务。本服务由支付宝官方提供。
2013090600011520,青浦燃气管理所(条形码),上海,从今天起，告别排队，告别等待，查询缴费分分钟搞定！,为您提供免费的查询、缴费、提醒、自动代扣等服务。让您足不出户，享受一站式缴费服务。本服务由支付宝官方提供。
2013090600011520,上海大众燃气有限公司（条形码）,上海,从今天起，告别排队，告别等待，查询缴费分分钟搞定！,为您提供免费的查询、缴费、提醒、自动代扣等服务。让您足不出户，享受一站式缴费服务。本服务由支付宝官方提供。
2013090600011520,上海燃气市北销售有限公司（条形码）,上海,从今天起，告别排队，告别等待，查询缴费分分钟搞定！,为您提供免费的查询、缴费、提醒、自动代扣等服务。让您足不出户，享受一站式缴费服务。本服务由支付宝官方提供。
2013090600011520,上海燃气浦东销售有限公司,上海,从今天起，告别排队，告别等待，查询缴费分分钟搞定！,为您提供免费的查询、缴费、提醒、自动代扣等服务。让您足不出户，享受一站式缴费服务。本服务由支付宝官方提供。
2013090600011520,上海燃气浦东销售有限公司(条形码),上海,从今天起，告别排队，告别等待，查询缴费分分钟搞定！,为您提供免费的查询、缴费、提醒、自动代扣等服务。让您足不出户，享受一站式缴费服务。本服务由支付宝官方提供。
2013090600011520,石家庄新奥燃气有限公司,河北,从今天起，告别排队，告别等待，查询缴费分分钟搞定！,为您提供免费的查询、缴费、提醒、自动代扣等服务。让您足不出户，享受一站式缴费服务。本服务由支付宝官方提供。
2013090600011530,周口市燃气公司,河南,从今天起，告别排队，告别等待，查询缴费分分钟搞定！,为您提供免费的查询、缴费、提醒、自动代扣等服务。让您足不出户，享受一站式缴费服务。本服务由支付宝官方提供。
2013090600011530,濮阳市天然气公司,河南,从今天起，告别排队，告别等待，查询缴费分分钟搞定！,为您提供免费的查询、缴费、提醒、自动代扣等服务。让您足不出户，享受一站式缴费服务。本服务由支付宝官方提供。
2013090600011530,江西燃气公司（南昌）,江西,从今天起，告别排队，告别等待，查询缴费分分钟搞定！,为您提供免费的查询、缴费、提醒、自动代扣等服务。让您足不出户，享受一站式缴费服务。本服务由支付宝官方提供。
2013090600011530,江西燃气公司（新余）,江西,从今天起，告别排队，告别等待，查询缴费分分钟搞定！,为您提供免费的查询、缴费、提醒、自动代扣等服务。让您足不出户，享受一站式缴费服务。本服务由支付宝官方提供。
2013090600011530,济华燃气,山东,从今天起，告别排队，告别等待，查询缴费分分钟搞定！,为您提供免费的查询、缴费、提醒、自动代扣等服务。让您足不出户，享受一站式缴费服务。本服务由支付宝官方提供。
2013090600011530,南京市港华燃气公司,江苏,从今天起，告别排队，告别等待，查询缴费分分钟搞定！,为您提供免费的查询、缴费、提醒、自动代扣等服务。让您足不出户，享受一站式缴费服务。本服务由支付宝官方提供。
2013090600011530,杭州钱江燃气,浙江,从今天起，告别排队，告别等待，查询缴费分分钟搞定！,为您提供免费的查询、缴费、提醒、自动代扣等服务。让您足不出户，享受一站式缴费服务。本服务由支付宝官方提供。
2013090600011380,北京自来水公司（按月缴纳）,北京,从今天起，告别排队，告别等待，查询缴费分分钟搞定！,为您提供免费的查询、缴费、提醒、自动代扣等服务。让您足不出户，享受一站式缴费服务。本服务由支付宝官方提供。
2013090600011380,开封市供水总公司,河南,从今天起，告别排队，告别等待，查询缴费分分钟搞定！,为您提供免费的查询、缴费、提醒、自动代扣等服务。让您足不出户，享受一站式缴费服务。本服务由支付宝官方提供。
2013090600011380,无锡市自来水公司,江苏,从今天起，告别排队，告别等待，查询缴费分分钟搞定！,为您提供免费的查询、缴费、提醒、自动代扣等服务。让您足不出户，享受一站式缴费服务。本服务由支付宝官方提供。
2013090600011380,蚌埠自来水公司,安徽,从今天起，告别排队，告别等待，查询缴费分分钟搞定！,为您提供免费的查询、缴费、提醒、自动代扣等服务。让您足不出户，享受一站式缴费服务。本服务由支付宝官方提供。
2013090600011380,镇江市自来水公司,江苏,从今天起，告别排队，告别等待，查询缴费分分钟搞定！,为您提供免费的查询、缴费、提醒、自动代扣等服务。让您足不出户，享受一站式缴费服务。本服务由支付宝官方提供。
2013090600011380,黄山市自来水公司,安徽,从今天起，告别排队，告别等待，查询缴费分分钟搞定！,为您提供免费的查询、缴费、提醒、自动代扣等服务。让您足不出户，享受一站式缴费服务。本服务由支付宝官方提供。
2013090600011380,九江市自来水公司,江西,从今天起，告别排队，告别等待，查询缴费分分钟搞定！,为您提供免费的查询、缴费、提醒、自动代扣等服务。让您足不出户，享受一站式缴费服务。本服务由支付宝官方提供。
2013090600011450,重庆市巴南区道角供水有限公司,重庆,从今天起，告别排队，告别等待，查询缴费分分钟搞定！,为您提供免费的查询、缴费、提醒、自动代扣等服务。让您足不出户，享受一站式缴费服务。本服务由支付宝官方提供。
2013090600011450,重庆市渝南自来水有限公司,重庆,从今天起，告别排队，告别等待，查询缴费分分钟搞定！,为您提供免费的查询、缴费、提醒、自动代扣等服务。让您足不出户，享受一站式缴费服务。本服务由支付宝官方提供。
2013090600011450,沈阳市自来水公司,辽宁,从今天起，告别排队，告别等待，查询缴费分分钟搞定！,为您提供免费的查询、缴费、提醒、自动代扣等服务。让您足不出户，享受一站式缴费服务。本服务由支付宝官方提供。
2013090600011450,沈阳胜科水务有限公司,辽宁,从今天起，告别排队，告别等待，查询缴费分分钟搞定！,为您提供免费的查询、缴费、提醒、自动代扣等服务。让您足不出户，享受一站式缴费服务。本服务由支付宝官方提供。
2013090600011450,焦作自来水公司,河南,从今天起，告别排队，告别等待，查询缴费分分钟搞定！,为您提供免费的查询、缴费、提醒、自动代扣等服务。让您足不出户，享受一站式缴费服务。本服务由支付宝官方提供。
2013090600011460,许昌瑞贝卡水业有限公司,河南,从今天起，告别排队，告别等待，查询缴费分分钟搞定！,为您提供免费的查询、缴费、提醒、自动代扣等服务。让您足不出户，享受一站式缴费服务。本服务由支付宝官方提供。
2013090600011460,江西自来水公司（南昌）,江西,从今天起，告别排队，告别等待，查询缴费分分钟搞定！,为您提供免费的查询、缴费、提醒、自动代扣等服务。让您足不出户，享受一站式缴费服务。本服务由支付宝官方提供。
2013090600011460,江西自来水公司（新余）,江西,从今天起，告别排队，告别等待，查询缴费分分钟搞定！,为您提供免费的查询、缴费、提醒、自动代扣等服务。让您足不出户，享受一站式缴费服务。本服务由支付宝官方提供。
2013090600011460,哈尔滨市自来水公司,黑龙江,从今天起，告别排队，告别等待，查询缴费分分钟搞定！,为您提供免费的查询、缴费、提醒、自动代扣等服务。让您足不出户，享受一站式缴费服务。本服务由支付宝官方提供。
2013090600011460,南京市自来水公司,江苏,从今天起，告别排队，告别等待，查询缴费分分钟搞定！,为您提供免费的查询、缴费、提醒、自动代扣等服务。让您足不出户，享受一站式缴费服务。本服务由支付宝官方提供。
2013090600011460,厦门水务集团有限公司,福建,从今天起，告别排队，告别等待，查询缴费分分钟搞定！,为您提供免费的查询、缴费、提醒、自动代扣等服务。让您足不出户，享受一站式缴费服务。本服务由支付宝官方提供。
2013090600011460,绍兴县供水有限公司,浙江,从今天起，告别排队，告别等待，查询缴费分分钟搞定！,为您提供免费的查询、缴费、提醒、自动代扣等服务。让您足不出户，享受一站式缴费服务。本服务由支付宝官方提供。
2013090600011460,宁波市自来水公司,浙江,从今天起，告别排队，告别等待，查询缴费分分钟搞定！,为您提供免费的查询、缴费、提醒、自动代扣等服务。让您足不出户，享受一站式缴费服务。本服务由支付宝官方提供。
2013090600011460,苏州市吴中区自来水公司,江苏,从今天起，告别排队，告别等待，查询缴费分分钟搞定！,为您提供免费的查询、缴费、提醒、自动代扣等服务。让您足不出户，享受一站式缴费服务。本服务由支付宝官方提供。
2013090600011460,苏州市新区自来水公司,江苏,从今天起，告别排队，告别等待，查询缴费分分钟搞定！,为您提供免费的查询、缴费、提醒、自动代扣等服务。让您足不出户，享受一站式缴费服务。本服务由支付宝官方提供。
2013090600011530,杭州港华燃气有限公司(余杭区),浙江,从今天起，告别排队，告别等待，查询缴费分分钟搞定！,为您提供免费的查询、缴费、提醒、自动代扣等服务。让您足不出户，享受一站式缴费服务。本服务由支付宝官方提供。
2013090600011530,宁波兴光燃气集团公司,浙江,从今天起，告别排队，告别等待，查询缴费分分钟搞定！,为您提供免费的查询、缴费、提醒、自动代扣等服务。让您足不出户，享受一站式缴费服务。本服务由支付宝官方提供。
2013090600011530,苏州市燃气公司,江苏,从今天起，告别排队，告别等待，查询缴费分分钟搞定！,为您提供免费的查询、缴费、提醒、自动代扣等服务。让您足不出户，享受一站式缴费服务。本服务由支付宝官方提供。
2013090600011540,温州市管道燃气,浙江,从今天起，告别排队，告别等待，查询缴费分分钟搞定！,为您提供免费的查询、缴费、提醒、自动代扣等服务。让您足不出户，享受一站式缴费服务。本服务由支付宝官方提供。
2013090600011540,上海大众燃气有限公司,上海,从今天起，告别排队，告别等待，查询缴费分分钟搞定！,为您提供免费的查询、缴费、提醒、自动代扣等服务。让您足不出户，享受一站式缴费服务。本服务由支付宝官方提供。
2013090600011540,上海燃气市北销售有限公司,上海,从今天起，告别排队，告别等待，查询缴费分分钟搞定！,为您提供免费的查询、缴费、提醒、自动代扣等服务。让您足不出户，享受一站式缴费服务。本服务由支付宝官方提供。
2013090600011540,北京市燃气集团有限责任公司,北京,从今天起，告别排队，告别等待，查询缴费分分钟搞定！,为您提供免费的查询、缴费、提醒、自动代扣等服务。让您足不出户，享受一站式缴费服务。本服务由支付宝官方提供。
2013090600011540,杭州市燃气（集团）有限公司,浙江,从今天起，告别排队，告别等待，查询缴费分分钟搞定！,为您提供免费的查询、缴费、提醒、自动代扣等服务。让您足不出户，享受一站式缴费服务。本服务由支付宝官方提供。
2013090600011540,大连市联合收费处,辽宁,从今天起，告别排队，告别等待，查询缴费分分钟搞定！,为您提供免费的查询、缴费、提醒、自动代扣等服务。让您足不出户，享受一站式缴费服务。本服务由支付宝官方提供。
2013090600011540,新北燃气公司,辽宁,从今天起，告别排队，告别等待，查询缴费分分钟搞定！,为您提供免费的查询、缴费、提醒、自动代扣等服务。让您足不出户，享受一站式缴费服务。本服务由支付宝官方提供。
2013090600011540,沈南燃气公司,辽宁,从今天起，告别排队，告别等待，查询缴费分分钟搞定！,为您提供免费的查询、缴费、提醒、自动代扣等服务。让您足不出户，享受一站式缴费服务。本服务由支付宝官方提供。
2013090600011540,沈西燃气公司,辽宁,从今天起，告别排队，告别等待，查询缴费分分钟搞定！,为您提供免费的查询、缴费、提醒、自动代扣等服务。让您足不出户，享受一站式缴费服务。本服务由支付宝官方提供。
2013090600011540,沈阳燃气股份有限公司,辽宁,从今天起，告别排队，告别等待，查询缴费分分钟搞定！,为您提供免费的查询、缴费、提醒、自动代扣等服务。让您足不出户，享受一站式缴费服务。本服务由支付宝官方提供。
2013090600011550,燃气发展有限公司,辽宁,从今天起，告别排队，告别等待，查询缴费分分钟搞定！,为您提供免费的查询、缴费、提醒、自动代扣等服务。让您足不出户，享受一站式缴费服务。本服务由支付宝官方提供。
2013090600011550,重庆市燃气公司,重庆,从今天起，告别排队，告别等待，查询缴费分分钟搞定！,为您提供免费的查询、缴费、提醒、自动代扣等服务。让您足不出户，享受一站式缴费服务。本服务由支付宝官方提供。
2013090600011550,深圳市燃气集团股份有限公司,广东,从今天起，告别排队，告别等待，查询缴费分分钟搞定！,为您提供免费的查询、缴费、提醒、自动代扣等服务。让您足不出户，享受一站式缴费服务。本服务由支付宝官方提供。
2013090600011550,双流华阳天然气代收,四川,从今天起，告别排队，告别等待，查询缴费分分钟搞定！,为您提供免费的查询、缴费、提醒、自动代扣等服务。让您足不出户，享受一站式缴费服务。本服务由支付宝官方提供。
2013090600011550,北京市燃气公司,北京,从今天起，告别排队，告别等待，查询缴费分分钟搞定！,为您提供免费的查询、缴费、提醒、自动代扣等服务。让您足不出户，享受一站式缴费服务。本服务由支付宝官方提供。
2013090600011550,芜湖中燃城市燃气发展有限公司,安徽,从今天起，告别排队，告别等待，查询缴费分分钟搞定！,为您提供免费的查询、缴费、提醒、自动代扣等服务。让您足不出户，享受一站式缴费服务。本服务由支付宝官方提供。
2013090600011560,上海银行信用卡,,欢迎使用支付宝公众服务！,提供全新的移动互联网体验，为您带来立即还款、还款明细、账单查询等功能，真正实现一机在手，服务随走。本服务由支付宝官方提供。
2013090600011560,南昌银行信用卡,,欢迎使用支付宝公众服务！,提供全新的移动互联网体验，为您带来立即还款、还款明细、账单查询等功能，真正实现一机在手，服务随走。本服务由支付宝官方提供。
2013090600011570,江苏江阴农村商业银行信用卡,,欢迎使用支付宝公众服务！,提供全新的移动互联网体验，为您带来立即还款、还款明细、账单查询等功能，真正实现一机在手，服务随走。本服务由支付宝官方提供。
2013090700011580,小米电视,全国,小米电视,小米电视
2013090700011590,壹基金,全国,欢迎加入“壹基金 ・ 壹家人”！,深圳壹基金公益基金会是中国第一家民间公募基金会，以“尽我所能，人人公益”为愿景，致力于搭建专业透明的公益平台。 在这里壹家人可以直接支持壹基金公益项目、获取最新公益讯息、关注并参与更多公益行动。
2013090600010950,中国建设银行信用卡,全国,欢迎使用支付宝公众服务！,提供全新的移动互联网体验，为您带来立即还款、还款明细、账单查询等功能，真正实现一机在手，服务随走。本服务由支付宝官方提供。
2013090600011040,蚌埠市供电局,安徽,从今天起，告别排队，告别等待，查询缴费分分钟搞定！,为您提供免费的查询、缴费、提醒、自动代扣等服务。让您足不出户，享受一站式缴费服务。本服务由支付宝官方提供。
2013090600011040,鞍山市供电局,辽宁,从今天起，告别排队，告别等待，查询缴费分分钟搞定！,为您提供免费的查询、缴费、提醒、自动代扣等服务。让您足不出户，享受一站式缴费服务。本服务由支付宝官方提供。
2013090600011050,龙湾永强电力公司,浙江,从今天起，告别排队，告别等待，查询缴费分分钟搞定！,为您提供免费的查询、缴费、提醒、自动代扣等服务。让您足不出户，享受一站式缴费服务。本服务由支付宝官方提供。
2013090600011050,海南省电力有限公司,海南,从今天起，告别排队，告别等待，查询缴费分分钟搞定！,为您提供免费的查询、缴费、提醒、自动代扣等服务。让您足不出户，享受一站式缴费服务。本服务由支付宝官方提供。
2013090600011050,上海市石化电力公司(条型码),上海,从今天起，告别排队，告别等待，查询缴费分分钟搞定！,为您提供免费的查询、缴费、提醒、自动代扣等服务。让您足不出户，享受一站式缴费服务。本服务由支付宝官方提供。
2013090600011050,四川省电力公司,四川,从今天起，告别排队，告别等待，查询缴费分分钟搞定！,为您提供免费的查询、缴费、提醒、自动代扣等服务。让您足不出户，享受一站式缴费服务。本服务由支付宝官方提供。
2013090600011050,四川省电力公司（达州）,四川,从今天起，告别排队，告别等待，查询缴费分分钟搞定！,为您提供免费的查询、缴费、提醒、自动代扣等服务。让您足不出户，享受一站式缴费服务。本服务由支付宝官方提供。
2013090600011050,安徽电力肥西供电有限责任公司,安徽,从今天起，告别排队，告别等待，查询缴费分分钟搞定！,为您提供免费的查询、缴费、提醒、自动代扣等服务。让您足不出户，享受一站式缴费服务。本服务由支付宝官方提供。
2013090600011050,安徽省电力公司合肥供电公司,安徽,从今天起，告别排队，告别等待，查询缴费分分钟搞定！,为您提供免费的查询、缴费、提醒、自动代扣等服务。让您足不出户，享受一站式缴费服务。本服务由支付宝官方提供。
2013090600011050,广东电网公司东莞供电局,广东,从今天起，告别排队，告别等待，查询缴费分分钟搞定！,为您提供免费的查询、缴费、提醒、自动代扣等服务。让您足不出户，享受一站式缴费服务。本服务由支付宝官方提供。
2013090600011050,成都市电力公司,四川,从今天起，告别排队，告别等待，查询缴费分分钟搞定！,为您提供免费的查询、缴费、提醒、自动代扣等服务。让您足不出户，享受一站式缴费服务。本服务由支付宝官方提供。
2013090600011050,福州市电业局,福建,从今天起，告别排队，告别等待，查询缴费分分钟搞定！,为您提供免费的查询、缴费、提醒、自动代扣等服务。让您足不出户，享受一站式缴费服务。本服务由支付宝官方提供。
2013090600011060,国家电网公司江西公司(鹰潭),江西,从今天起，告别排队，告别等待，查询缴费分分钟搞定！,为您提供免费的查询、缴费、提醒、自动代扣等服务。让您足不出户，享受一站式缴费服务。本服务由支付宝官方提供。
2013090600011060,国家电网公司江西公司（上饶）,江西,从今天起，告别排队，告别等待，查询缴费分分钟搞定！,为您提供免费的查询、缴费、提醒、自动代扣等服务。让您足不出户，享受一站式缴费服务。本服务由支付宝官方提供。
2013090600011060,国家电网公司江西公司（九江）,江西,从今天起，告别排队，告别等待，查询缴费分分钟搞定！,为您提供免费的查询、缴费、提醒、自动代扣等服务。让您足不出户，享受一站式缴费服务。本服务由支付宝官方提供。
2013090600011060,国家电网公司江西公司（抚州）,江西,从今天起，告别排队，告别等待，查询缴费分分钟搞定！,为您提供免费的查询、缴费、提醒、自动代扣等服务。让您足不出户，享受一站式缴费服务。本服务由支付宝官方提供。
2013090600011060,国家电网公司江西公司（新余）,江西,从今天起，告别排队，告别等待，查询缴费分分钟搞定！,为您提供免费的查询、缴费、提醒、自动代扣等服务。让您足不出户，享受一站式缴费服务。本服务由支付宝官方提供。
2013090600011060,国家电网公司江西公司（景德镇）,江西,从今天起，告别排队，告别等待，查询缴费分分钟搞定！,为您提供免费的查询、缴费、提醒、自动代扣等服务。让您足不出户，享受一站式缴费服务。本服务由支付宝官方提供。
2013090600011060,国家电网公司江西公司（萍乡市区）,江西,从今天起，告别排队，告别等待，查询缴费分分钟搞定！,为您提供免费的查询、缴费、提醒、自动代扣等服务。让您足不出户，享受一站式缴费服务。本服务由支付宝官方提供。
2013090600011060,渭南供电所,陕西,从今天起，告别排队，告别等待，查询缴费分分钟搞定！,为您提供免费的查询、缴费、提醒、自动代扣等服务。让您足不出户，享受一站式缴费服务。本服务由支付宝官方提供。
2013090600011060,四川省电力公司(乐山),四川,从今天起，告别排队，告别等待，查询缴费分分钟搞定！,为您提供免费的查询、缴费、提醒、自动代扣等服务。让您足不出户，享受一站式缴费服务。本服务由支付宝官方提供。
2013090900011600,芍儿招商银行,全国,芍儿招商银行欢迎您来存钱,芍儿的测试环境公众账号
2013090900011630,测试环境招商银行,全国,招商银行欢迎您来存钱,招商银行
2013090900011630,小S,中国,"<?xml version=""1.0"" encoding=""gbk""?>
<XML>
  <ToUserId></ToUserId>
  <AgreementId></AgreementId>
  <AppId><![CDATA[2013090900011632]]></AppId>
  <GroupId></GroupId>
  <CreateTime><![CDATA[1387777359000]]></CreateTime>
  <MsgType><![CDATA[image-text]]></MsgType>
  <ArticleCount><![CDATA[1]]></ArticleCount>
  <Articles>
    <Item>
      <Title><![CDATA[qwertyu]]></Title>
      <Desc><![CDATA[温家宝]]></Desc>
      <ImageUrl><![CDATA[http://pic.alipayobjects.com/e/201312/1k4XH2qEl3.jpg_[pixelWidth]x.jpg]]></ImageUrl>
      <Url><![CDATA[http://www.baidu.com]]></Url>
      <ActionName></ActionName>
    </Item>
  </Articles>
  <Push><![CDATA[true]]></Push>
</XML>",*_^！   <。)#)))Q
2013090900011630,SIT开发中,全国,看不见我就对了,还在开发中
2013090900011630,SIT审核中,全国,看不见我就对了,还在审核中
2013090900011630,SIT下线,全国,看不见我就对了,下线了，你就别再追了
2013090900011630,SIT拒绝,全国,看不见我就对了,就这么被拒绝了
2013091100011660,安安移动,,安安铁通,安安铁通安安铁通
2012121277777770,集成测试公众账号1,山东,从今天起，告别排队，告别等待，查询缴费分分钟搞定！,集成测试用勿动
2012121277777770,集成测试公众账号2,山东,从今天起，告别排队，告别等待，查询缴费分分钟搞定！,集成测试用勿动
2013092200011800,test回归9.10-用户申请,全国,test回归9.10-用户申请,test回归9.10-用户申请
2013092200011800,test回归9.10-用户申请1,全国,test回归9.10-用户申请,test回归9.10-用户申请
2013092200011810,test回归9.10-用户申请2,全国,test回归9.10-用户申请,test回归9.10-用户申请
2013092400011880,公众4,全国,公众4欢迎您,公众4
2013092600011900,test-9.26,全国,测试同学操作,测试同学操作
2013101700012140,智能小宝,,您好呀,10.17开放平台sit回归
2013101800012170,10.18开放平台回归测试-用户申请,浙江省|台州市,,10.18开放平台回归测试
2013101800012170,10.18开放平台回归测试-用户申请2,浙江省|台州市,,10.18开放平台回归测试
2013101800012180,10.18开放平台回归测试-预设,浙江省|台州市,,10.18开放平台回归测试
2013101800012180,10.18更新-用户申请1,全国,你好,10.18更新
2013101800012180,10.18更新-用户申请2,全国,你好,10.18更新
2013101800012180,10.18更新-用户申请3,全国,你好,10.18更新
2013101800012180,10.18更新-预设1,全国,你好,10.18更新
2013101800012180,10.18更新-预设2,全国,你好,10.18更新
2013101800012180,10.18更新-预设3,全国,你好,10.18更新
2013101800012180,10.18更新-预设3转用户,全国,你好,10.18更新
2013092200011810,test回归9.10-预设,全国,test回归9.10-预设,test回归9.10-预设
2013092200011810,test回归9.10-用户申请3,全国,test回归9.10-用户申请,test回归9.10-用户申请
2013092200011810,test回归9.10-预设2,全国,test回归9.10-预设,test回归9.10-预设
2013090600011060,四川省电力公司(内江),四川,从今天起，告别排队，告别等待，查询缴费分分钟搞定！,为您提供免费的查询、缴费、提醒、自动代扣等服务。让您足不出户，享受一站式缴费服务。本服务由支付宝官方提供。
2013090600011070,四川省电力公司(南充),四川,从今天起，告别排队，告别等待，查询缴费分分钟搞定！,为您提供免费的查询、缴费、提醒、自动代扣等服务。让您足不出户，享受一站式缴费服务。本服务由支付宝官方提供。
2013090600011070,四川省电力公司(广元),四川,从今天起，告别排队，告别等待，查询缴费分分钟搞定！,为您提供免费的查询、缴费、提醒、自动代扣等服务。让您足不出户，享受一站式缴费服务。本服务由支付宝官方提供。
2013090600011070,四川省电力公司(德阳),四川,从今天起，告别排队，告别等待，查询缴费分分钟搞定！,为您提供免费的查询、缴费、提醒、自动代扣等服务。让您足不出户，享受一站式缴费服务。本服务由支付宝官方提供。
2013090600011070,四川省电力公司(泸州),四川,从今天起，告别排队，告别等待，查询缴费分分钟搞定！,为您提供免费的查询、缴费、提醒、自动代扣等服务。让您足不出户，享受一站式缴费服务。本服务由支付宝官方提供。
2013090600011070,四川省电力公司(眉山),四川,从今天起，告别排队，告别等待，查询缴费分分钟搞定！,为您提供免费的查询、缴费、提醒、自动代扣等服务。让您足不出户，享受一站式缴费服务。本服务由支付宝官方提供。
2013090600011070,四川省电力公司(西昌),四川,从今天起，告别排队，告别等待，查询缴费分分钟搞定！,为您提供免费的查询、缴费、提醒、自动代扣等服务。让您足不出户，享受一站式缴费服务。本服务由支付宝官方提供。
2013090600011070,四川省电力公司（宜宾）,四川,从今天起，告别排队，告别等待，查询缴费分分钟搞定！,为您提供免费的查询、缴费、提醒、自动代扣等服务。让您足不出户，享受一站式缴费服务。本服务由支付宝官方提供。
2013090600011070,四川省电力公司（广安）,四川,从今天起，告别排队，告别等待，查询缴费分分钟搞定！,为您提供免费的查询、缴费、提醒、自动代扣等服务。让您足不出户，享受一站式缴费服务。本服务由支付宝官方提供。
2013090600011070,四川省电力公司(巴中),四川,从今天起，告别排队，告别等待，查询缴费分分钟搞定！,为您提供免费的查询、缴费、提醒、自动代扣等服务。让您足不出户，享受一站式缴费服务。本服务由支付宝官方提供。
2013090600011070,四川省电力公司(资阳),四川,从今天起，告别排队，告别等待，查询缴费分分钟搞定！,为您提供免费的查询、缴费、提醒、自动代扣等服务。让您足不出户，享受一站式缴费服务。本服务由支付宝官方提供。
2013090600011080,四川省电力公司(攀枝花),四川,从今天起，告别排队，告别等待，查询缴费分分钟搞定！,为您提供免费的查询、缴费、提醒、自动代扣等服务。让您足不出户，享受一站式缴费服务。本服务由支付宝官方提供。
2013090600011080,四川省电力公司（绵阳）,四川,从今天起，告别排队，告别等待，查询缴费分分钟搞定！,为您提供免费的查询、缴费、提醒、自动代扣等服务。让您足不出户，享受一站式缴费服务。本服务由支付宝官方提供。
2013090600011080,四川省电力公司（自贡）,四川,从今天起，告别排队，告别等待，查询缴费分分钟搞定！,为您提供免费的查询、缴费、提醒、自动代扣等服务。让您足不出户，享受一站式缴费服务。本服务由支付宝官方提供。
2013090600011080,上海市崇明电力公司,上海,从今天起，告别排队，告别等待，查询缴费分分钟搞定！,为您提供免费的查询、缴费、提醒、自动代扣等服务。让您足不出户，享受一站式缴费服务。本服务由支付宝官方提供。
2013090600011080,上海市电力公司（条形码新）,上海,从今天起，告别排队，告别等待，查询缴费分分钟搞定！,为您提供免费的查询、缴费、提醒、自动代扣等服务。让您足不出户，享受一站式缴费服务。本服务由支付宝官方提供。
2013090600011080,南京市电力公司,江苏,从今天起，告别排队，告别等待，查询缴费分分钟搞定！,为您提供免费的查询、缴费、提醒、自动代扣等服务。让您足不出户，享受一站式缴费服务。本服务由支付宝官方提供。
2013090600011080,宁波市杭湾电业局,浙江,从今天起，告别排队，告别等待，查询缴费分分钟搞定！,为您提供免费的查询、缴费、提醒、自动代扣等服务。让您足不出户，享受一站式缴费服务。本服务由支付宝官方提供。
2013090600011080,宁波市海曙电业局,浙江,从今天起，告别排队，告别等待，查询缴费分分钟搞定！,为您提供免费的查询、缴费、提醒、自动代扣等服务。让您足不出户，享受一站式缴费服务。本服务由支付宝官方提供。
2013090600011080,宜昌供电公司,湖北,从今天起，告别排队，告别等待，查询缴费分分钟搞定！,为您提供免费的查询、缴费、提醒、自动代扣等服务。让您足不出户，享受一站式缴费服务。本服务由支付宝官方提供。
2013090600011080,武汉供电公司,湖北,从今天起，告别排队，告别等待，查询缴费分分钟搞定！,为您提供免费的查询、缴费、提醒、自动代扣等服务。让您足不出户，享受一站式缴费服务。本服务由支付宝官方提供。
2013090600011090,襄樊供电公司,湖北,从今天起，告别排队，告别等待，查询缴费分分钟搞定！,为您提供免费的查询、缴费、提醒、自动代扣等服务。让您足不出户，享受一站式缴费服务。本服务由支付宝官方提供。
2013102100012250,10.21回归测试,,您好,10.21回归测试
2013102100012250,10.21回归测试,,您好,10.21回归测试
2013102100012250,10.21回归测试,,您好,10.21回归测试
2013102400012300,杜思测试1,全国,杜思测试,杜思测试
2013102500012330,开放平台回归-创建公众号,浙江省|杭州市,您好,创建公众号
2013102500012330,开放平台回归-创建公众号,浙江省|杭州市,您好,创建公众号
2013102100012250,10.21回归测试112,全国,您好,10.21回归测试
2013102500012330,开放平台回归-创建公众号,浙江省|杭州市,您好,创建公众号
2013102800012370,公众7,全国,公众7欢迎你,公众7
2013103100012400,小安安的公众号007,全国,你好小安,为了测试国航的关联账户问题
2013103100012410,小安公众号9,全国,你好小安公众号9,为了国航的问题验证
2013111100012510,东东城零零一,,,
2013111100012510,木木家的老五,,,
2013111200012530,测试有限公司,中国,欢迎来到支付宝!!!!,rtgaergt
2013111500012620,南瓜个人零零一,,,
2013111500012730,南瓜饼,,,
2013112100012780,1126sit开放平台测试,,,1126sit开放平台测试88888111111
2013112100012790,1126sit开放平台测试-3,,,1126sit开放平台测试
2013112200012800,1122公众号申请,,您好,1122公众号申请
2013112200012810,傅玄公众号测试三,,,
2013112200012810,1126测试,,关注欢迎语,公众号描述
2013112200012810,创建公众号,,您好,测试公众号
2013112200012820,otp有限公司,,,
2013112500012890,四天公众,中国,欢迎来四天公众,四天四天四天
2013090900011620,金刚控股,中国,说你行，你就行，不行也行,不服不行
2013112800012980,暗送升级为官方续签为官方,,,
2013112800012980,后台测试-校验邮件,,,后台测试-校验邮件
2013112800012990,普签,丁丁,丁丁,丁丁
2014011100014020,sit关联,,234234,3234234
2013101700012140,10.17回归测试,,您好,10.17回归测试
2013101700012150,10.17回归测试--预设,,您好,10.17回归测试
2013101800012160,10.18开放平台回归测试,,,10.18开放平台回归测试
2013101800012170,10.18开放平台回归测试-预设,浙江省|台州市,,10.18开放平台回归测试
2013102100012200,10.21回归测试,全国,您好,10.21回归测试
2013102100012220,10.21回归测试,全国,您好,10.21回归测试
2013102400012300,杜思测试,湖北省,杜思测试,杜思测试
2013102500012330,开放平台回归-创建公众号,浙江省|杭州市,您好,创建公众号
2013102500012330,开放平台回归-创建公众号,浙江省|杭州市,您好,创建公众号
2013102500012330,开放平台回归-创建公众号,浙江省|杭州市,您好,创建公众号
2013102500012340,开放平台回归-创建公众,浙江省|杭州市,您好,创建公众号
2013110800012480,大富招商银行,浙江省|杭州市,欢迎关注大富test测试公众号,大富test测试公众号
2013110800012480,大富招商,浙江省|杭州市,欢迎关注大富公众号,大富公众号大富公众号大富公众号
2013111100012510,王弼公众,浙江省|杭州市,欢迎关注王弼公众号测试专用,王弼公众号测试专用
2013111100012510,小白test3,,,
2013111100012510,被拒绝,,,
2013111100012510,开启中,中国,welcome,
2013111200012530,金石,中国|北京|北京市|崇文区,欢迎,111111
2013111400012600,南瓜公司零零一,,,
2013112100012780,1126sit开放平台测试-2,,,1126sit开放平台测试
2013112200012800,傅玄公众号测试二,,,
2013112300002180,转账小伙伴应用,全国,转账小伙伴应用,
2013112200012810,紫言测试一,中国|北京|北京市|怀柔区,欢迎振衣小天才,紫言的公众服务 ，欢迎大家关注。现在已经变成振衣的了
2013112200012810,鲁连公众服务,中国,dafdsadfa,wo de
2013112200012820,大富加密解密,全国,大富加密解密,大富加密解密
2013112200012820,周芳琴有限公司,,,
2013090600011170,河南电力有限公司（信阳）,河南,从今天起，告别排队，告别等待，查询缴费分分钟搞定！,为您提供免费的查询、缴费、提醒、自动代扣等服务。让您足不出户，享受一站式缴费服务。本服务由支付宝官方提供。
2013090600011180,河南电力有限公司（南阳）,河南,从今天起，告别排队，告别等待，查询缴费分分钟搞定！,为您提供免费的查询、缴费、提醒、自动代扣等服务。让您足不出户，享受一站式缴费服务。本服务由支付宝官方提供。
2013090600011180,河南电力有限公司（安阳）,河南,从今天起，告别排队，告别等待，查询缴费分分钟搞定！,为您提供免费的查询、缴费、提醒、自动代扣等服务。让您足不出户，享受一站式缴费服务。本服务由支付宝官方提供。
2013090600011180,河南电力有限公司（平顶山）,河南,从今天起，告别排队，告别等待，查询缴费分分钟搞定！,为您提供免费的查询、缴费、提醒、自动代扣等服务。让您足不出户，享受一站式缴费服务。本服务由支付宝官方提供。
2013090600011180,河南电力有限公司（开封）,河南,从今天起，告别排队，告别等待，查询缴费分分钟搞定！,为您提供免费的查询、缴费、提醒、自动代扣等服务。让您足不出户，享受一站式缴费服务。本服务由支付宝官方提供。
2013090600011180,河南电力有限公司（新乡）,河南,从今天起，告别排队，告别等待，查询缴费分分钟搞定！,为您提供免费的查询、缴费、提醒、自动代扣等服务。让您足不出户，享受一站式缴费服务。本服务由支付宝官方提供。
2013090600011180,河南电力有限公司（洛阳）,河南,从今天起，告别排队，告别等待，查询缴费分分钟搞定！,为您提供免费的查询、缴费、提醒、自动代扣等服务。让您足不出户，享受一站式缴费服务。本服务由支付宝官方提供。
2013090600011180,河南电力有限公司（漯河）,河南,从今天起，告别排队，告别等待，查询缴费分分钟搞定！,为您提供免费的查询、缴费、提醒、自动代扣等服务。让您足不出户，享受一站式缴费服务。本服务由支付宝官方提供。
2013090600011180,河南电力有限公司（濮阳）,河南,从今天起，告别排队，告别等待，查询缴费分分钟搞定！,为您提供免费的查询、缴费、提醒、自动代扣等服务。让您足不出户，享受一站式缴费服务。本服务由支付宝官方提供。
2013090600011180,河南电力有限公司（焦作）,河南,从今天起，告别排队，告别等待，查询缴费分分钟搞定！,为您提供免费的查询、缴费、提醒、自动代扣等服务。让您足不出户，享受一站式缴费服务。本服务由支付宝官方提供。
2013090600011180,河南电力有限公司（许昌）,河南,从今天起，告别排队，告别等待，查询缴费分分钟搞定！,为您提供免费的查询、缴费、提醒、自动代扣等服务。让您足不出户，享受一站式缴费服务。本服务由支付宝官方提供。
2013090600011190,河南电力有限公司（驻马店）,河南,从今天起，告别排队，告别等待，查询缴费分分钟搞定！,为您提供免费的查询、缴费、提醒、自动代扣等服务。让您足不出户，享受一站式缴费服务。本服务由支付宝官方提供。
2013090600011190,河南电力有限公司（鹤壁）,河南,从今天起，告别排队，告别等待，查询缴费分分钟搞定！,为您提供免费的查询、缴费、提醒、自动代扣等服务。让您足不出户，享受一站式缴费服务。本服务由支付宝官方提供。
2013090600011190,河南省电力公司周口供电公司,河南,从今天起，告别排队，告别等待，查询缴费分分钟搞定！,为您提供免费的查询、缴费、提醒、自动代扣等服务。让您足不出户，享受一站式缴费服务。本服务由支付宝官方提供。
2013090600011190,河南省电力公司济源供电公司,河南,从今天起，告别排队，告别等待，查询缴费分分钟搞定！,为您提供免费的查询、缴费、提醒、自动代扣等服务。让您足不出户，享受一站式缴费服务。本服务由支付宝官方提供。
2013090600011190,河南省电力公司郑州供电公司,河南,从今天起，告别排队，告别等待，查询缴费分分钟搞定！,为您提供免费的查询、缴费、提醒、自动代扣等服务。让您足不出户，享受一站式缴费服务。本服务由支付宝官方提供。
2013090600011190,哈尔滨市电力公司,黑龙江,从今天起，告别排队，告别等待，查询缴费分分钟搞定！,为您提供免费的查询、缴费、提醒、自动代扣等服务。让您足不出户，享受一站式缴费服务。本服务由支付宝官方提供。
2013090600011190,南方电网（昆明市）,云南,从今天起，告别排队，告别等待，查询缴费分分钟搞定！,为您提供免费的查询、缴费、提醒、自动代扣等服务。让您足不出户，享受一站式缴费服务。本服务由支付宝官方提供。
2013090600011190,银川供电局,宁夏,从今天起，告别排队，告别等待，查询缴费分分钟搞定！,为您提供免费的查询、缴费、提醒、自动代扣等服务。让您足不出户，享受一站式缴费服务。本服务由支付宝官方提供。
2013090600011190,山西省电力公司（代办）,山西,从今天起，告别排队，告别等待，查询缴费分分钟搞定！,为您提供免费的查询、缴费、提醒、自动代扣等服务。让您足不出户，享受一站式缴费服务。本服务由支付宝官方提供。
2013090600011190,丹东市电业公司,辽宁,从今天起，告别排队，告别等待，查询缴费分分钟搞定！,为您提供免费的查询、缴费、提醒、自动代扣等服务。让您足不出户，享受一站式缴费服务。本服务由支付宝官方提供。
2013090600011200,沈阳市供电公司,辽宁,从今天起，告别排队，告别等待，查询缴费分分钟搞定！,为您提供免费的查询、缴费、提醒、自动代扣等服务。让您足不出户，享受一站式缴费服务。本服务由支付宝官方提供。
2013112800012990,普签1,222,222,2222
2013112800012990,后台创建-邮件校验,,,后台创建-邮件校验
2013112800012990,后台创建-邮件校验01,,,后台创建-邮件校验
2013112800012990,普签2-上架-转继续转,,,后台创建-邮件校验
2013112800012990,暗送二官方,,,
2013111100012510,上海师范大学,全国,,上海师范大学公众号
2013120200013040,20131202测试普通驳回改官方,,,
2013120200013040,官方认证,,,
2013121900013300,一一1112222,,,
2013121900013300,迭代一测试1,中国,dfasffdsaf,
2013121900013310,迭代一测试3,,,
2013121900013310,迭代一测试4,中国|北京|北京市|东城区,null,null
2013121900013310,迭代一测试5,中国|北京|北京市|东城区,欢迎使用公众号迭代一测试55555,把风格风格风格
2013121900013310,迭代一测试6,,,
2013122100013430,风刀4,全国,"hello,moto3",风刀4，描述个头啊
2013122100013430,大富公众二,,,
2013122100013440,大富公众四,,,
2013090900011600,金刚集团AAA,中国,"<?xml version=""1.0"" encoding=""gbk""?>
<XML>
  <ToUserId></ToUserId>
  <AgreementId></AgreementId>
  <AppId><![CDATA[2013090900011608]]></AppId>
  <GroupId></GroupId>
  <CreateTime><![CDATA[1392629855000]]></CreateTime>
  <MsgType><![CDATA[image-text]]></MsgType>
  <ArticleCount><![CDATA[2]]></ArticleCount>
  <Articles>
    <Item>
      <Title><![CDATA[1]]></Title>
      <Desc><![CDATA[1]]></Desc>
      <ImageUrl><![CDATA[http://pic.alipayobjects.com/e/201402/26IMPsum0T.png_[pixelWidth]x.png]]></ImageUrl>
      <Url><![CDATA[http://tfs.stable.alipay.net/images/partner/T1iVxXXndaXXbMsGbX.html]]></Url>
      <ActionName></ActionName>
    </Item>
    <Item>
      <Title><![CDATA[2]]></Title>
      <Desc></Desc>
      <ImageUrl><![CDATA[http://pic.alipayobjects.com/e/201402/26ISstD6p3.jpg_[pixelWidth]x.jpg]]></ImageUrl>
      <Url><![CDATA[http://tfs.stable.alipay.net/images/partner/T1oFxXXglXXXbMsGbX.html]]></Url>
      <ActionName></ActionName>
    </Item>
  </Articles>
  <Push><![CDATA[true]]></Push>
</XML>",欢迎来到良渚文化村物业服务中心
2013122100013440,JYJ公众号5,中国|天津|天津市|和平区,1,1
2013101800012160,10.18开放平台回归测试,,,10.18开放平台回归测试
2013122100013430,JYJ公众号4,中国,JYJ公众号4，JYJ公众号4（测试环境）,JYJ公众号4，JYJ公众号4（测试环境）
2013112200012820,公众号组审核001,,,公众号组审核001
2013112200012840,加签加密,中国,欢迎关注加签加密,
2013112200012840,渤海T01,中国|上海|上海市|浦东新区,欢迎访问渤海银行公众号！,欢迎访问渤海银行公众号！<杜少卿专用测试网关账号，乱改者阉刑。
2013112200012850,大富加密不加签,中国,欢迎关注大富加密不加签,
2013112200012850,不加密加签,中国,欢迎关注不加密加签,
2013112200012850,大富不加签不加密,中国,欢迎关注大富不加签不加密,
2013112200012820,紫言测试二,中国,紫言专用测试,紫言专用公众号
2013112300012860,xx公众服务,,,
2013112500012880,朱卉CRM1,中国,朱卉来了啦啦啦啦啦，,
2013112600012920,测试,,测试,测试
2013112600012940,测试环境测试,,,测试环境测试
2013112800012990,后台测试-校验邮件2,,,后台测试-校验邮件
2013112800012990,普签2-上架-转,顶顶顶,顶顶顶,顶顶顶
2013112800012990,暗送三普通驳回改官方,,,
2013112900013010,暗送四续签升级改签,,,
2013112900013010,官方滴,,,
2013112900013020,S信用支付A五1驳回修改1234普通,,,
2013122100013430,大富公众银行,,欢迎关注大富公众号,
2013122100013430,风刀2,全国,"hello,moto2",风刀2，描述个头啊
2013122100013430,风刀3,全国,"hello,moto3",风刀3，描述个头啊
2013090600011240,烟台供电公司,山东,从今天起，告别排队，告别等待，查询缴费分分钟搞定！,为您提供免费的查询、缴费、提醒、自动代扣等服务。让您足不出户，享受一站式缴费服务。本服务由支付宝官方提供。
2013090600011240,福山供电公司,山东,从今天起，告别排队，告别等待，查询缴费分分钟搞定！,为您提供免费的查询、缴费、提醒、自动代扣等服务。让您足不出户，享受一站式缴费服务。本服务由支付宝官方提供。
2013090600011240,牟平区供电公司,山东,从今天起，告别排队，告别等待，查询缴费分分钟搞定！,为您提供免费的查询、缴费、提醒、自动代扣等服务。让您足不出户，享受一站式缴费服务。本服务由支付宝官方提供。
2013090600011240,长岛县供电公司,山东,从今天起，告别排队，告别等待，查询缴费分分钟搞定！,为您提供免费的查询、缴费、提醒、自动代扣等服务。让您足不出户，享受一站式缴费服务。本服务由支付宝官方提供。
2013090600011250,龙口市供电公司,山东,从今天起，告别排队，告别等待，查询缴费分分钟搞定！,为您提供免费的查询、缴费、提醒、自动代扣等服务。让您足不出户，享受一站式缴费服务。本服务由支付宝官方提供。
2013090600011250,莱阳市供电公司,山东,从今天起，告别排队，告别等待，查询缴费分分钟搞定！,为您提供免费的查询、缴费、提醒、自动代扣等服务。让您足不出户，享受一站式缴费服务。本服务由支付宝官方提供。
2013090600011250,莱州市供电公司,山东,从今天起，告别排队，告别等待，查询缴费分分钟搞定！,为您提供免费的查询、缴费、提醒、自动代扣等服务。让您足不出户，享受一站式缴费服务。本服务由支付宝官方提供。
2013090600011250,蓬莱市供电公司,山东,从今天起，告别排队，告别等待，查询缴费分分钟搞定！,为您提供免费的查询、缴费、提醒、自动代扣等服务。让您足不出户，享受一站式缴费服务。本服务由支付宝官方提供。
2013090600011250,招远市供电公司,山东,从今天起，告别排队，告别等待，查询缴费分分钟搞定！,为您提供免费的查询、缴费、提醒、自动代扣等服务。让您足不出户，享受一站式缴费服务。本服务由支付宝官方提供。
2013090600011250,栖霞市供电公司,山东,从今天起，告别排队，告别等待，查询缴费分分钟搞定！,为您提供免费的查询、缴费、提醒、自动代扣等服务。让您足不出户，享受一站式缴费服务。本服务由支付宝官方提供。
2013090600011250,海阳市供电公司,山东,从今天起，告别排队，告别等待，查询缴费分分钟搞定！,为您提供免费的查询、缴费、提醒、自动代扣等服务。让您足不出户，享受一站式缴费服务。本服务由支付宝官方提供。
2013090600011250,潍坊供电公司,山东,从今天起，告别排队，告别等待，查询缴费分分钟搞定！,为您提供免费的查询、缴费、提醒、自动代扣等服务。让您足不出户，享受一站式缴费服务。本服务由支付宝官方提供。
2013090600011250,寒亭区供电公司,山东,从今天起，告别排队，告别等待，查询缴费分分钟搞定！,为您提供免费的查询、缴费、提醒、自动代扣等服务。让您足不出户，享受一站式缴费服务。本服务由支付宝官方提供。
2013090600011250,临朐县供电公司,山东,从今天起，告别排队，告别等待，查询缴费分分钟搞定！,为您提供免费的查询、缴费、提醒、自动代扣等服务。让您足不出户，享受一站式缴费服务。本服务由支付宝官方提供。
2013090600011260,昌乐县供电公司,山东,从今天起，告别排队，告别等待，查询缴费分分钟搞定！,为您提供免费的查询、缴费、提醒、自动代扣等服务。让您足不出户，享受一站式缴费服务。本服务由支付宝官方提供。
2013090600011260,青州市供电公司,山东,从今天起，告别排队，告别等待，查询缴费分分钟搞定！,为您提供免费的查询、缴费、提醒、自动代扣等服务。让您足不出户，享受一站式缴费服务。本服务由支付宝官方提供。
2013090600011260,诸城市供电公司,山东,从今天起，告别排队，告别等待，查询缴费分分钟搞定！,为您提供免费的查询、缴费、提醒、自动代扣等服务。让您足不出户，享受一站式缴费服务。本服务由支付宝官方提供。
2013090600011260,寿光市供电公司,山东,从今天起，告别排队，告别等待，查询缴费分分钟搞定！,为您提供免费的查询、缴费、提醒、自动代扣等服务。让您足不出户，享受一站式缴费服务。本服务由支付宝官方提供。
2013090600011260,安丘市供电公司,山东,从今天起，告别排队，告别等待，查询缴费分分钟搞定！,为您提供免费的查询、缴费、提醒、自动代扣等服务。让您足不出户，享受一站式缴费服务。本服务由支付宝官方提供。
2013090600011260,高密市供电公司,山东,从今天起，告别排队，告别等待，查询缴费分分钟搞定！,为您提供免费的查询、缴费、提醒、自动代扣等服务。让您足不出户，享受一站式缴费服务。本服务由支付宝官方提供。
2013090600011260,昌邑市供电公司,山东,从今天起，告别排队，告别等待，查询缴费分分钟搞定！,为您提供免费的查询、缴费、提醒、自动代扣等服务。让您足不出户，享受一站式缴费服务。本服务由支付宝官方提供。
2013090600011260,济宁供电公司,山东,从今天起，告别排队，告别等待，查询缴费分分钟搞定！,为您提供免费的查询、缴费、提醒、自动代扣等服务。让您足不出户，享受一站式缴费服务。本服务由支付宝官方提供。
2013090600011260,任城区供电公司,山东,从今天起，告别排队，告别等待，查询缴费分分钟搞定！,为您提供免费的查询、缴费、提醒、自动代扣等服务。让您足不出户，享受一站式缴费服务。本服务由支付宝官方提供。
2013122300013460,风刀a1,,,
2013122300013470,会员卡二期alipass5,,,
2013122300013470,上菜,中国|浙江省|杭州市|西湖区,hello，大师,美女会员卡，见美女就打折
2013090900011630,JYJ-TEST,中国|上海|上海市|浦东新区,"<?xml version=""1.0"" encoding=""gbk""?>
<XML>
  <ToUserId></ToUserId>
  <AgreementId></AgreementId>
  <AppId><![CDATA[2013090900011630]]></AppId>
  <GroupId></GroupId>
  <CreateTime><![CDATA[1387608478000]]></CreateTime>
  <MsgType><![CDATA[image-text]]></MsgType>
  <ArticleCount><![CDATA[1]]></ArticleCount>
  <Articles>
    <Item>
      <Title><![CDATA[温家宝套]]></Title>
      <Desc><![CDATA[温家宝套]]></Desc>
      <ImageUrl><![CDATA[http://tfs.stable.alipay.net/images/publichome/T10FtXXdtaXXXXXXXX_[pixelWidth]x.jpeg]]></ImageUrl>
      <Url><![CDATA[http://tfs.stable.alipay.net/images/partner/T15XtXXoRXXXbMsGbX.html]]></Url>
      <ActionName></ActionName>
    </Item>
  </Articles>
  <Push><![CDATA[true]]></Push>
</XML>",说你呆，你就呆，haha@_@温家宝套
2013111100012510,申请中,中国|北京|北京市|东城区,haha,温家1宝2013
2013122300013490,北游公众号02,中国,02来吧来吧02,北游的02公众号
2013122300013500,545返回的,,,
2013122300013540,大富公众号,,,
2013122100013440,风刀8,中国|江苏省|常州市|钟楼区,"<?xml version=""1.0"" encoding=""gbk""?><XML>  <ToUserId></ToUserId>  <AgreementId></AgreementId>  <AppId><![CDATA[2013122100013442]]></AppId>  <GroupId></GroupId>  <CreateTime><![CDATA[1387789308000]]></CreateTime>  <MsgType><![CDATA[image-text]]></MsgType>  <ArticleCount><![CDATA[1]]></ArticleCount>  <Articles>    <Item>      <Title><![CDATA[第一条看看有多长后台的客户公众服务数据转]]></Title>      <Desc><![CDATA[www.123123.com]]></Desc>      <ImageUrl><![CDATA[http://pic.alipayobjects.com/e/201312/1k7u4HtYSb.jpg_[pixelWidth]x.jpg]]></ImageUrl>      <Url><![CDATA[http://tfs.stable.alipay.net/images/partner/T17XtXXh8XXXbMsGbX.html]]></Url>      <ActionName><![CDATA[我看看看看我我城]]></ActionName>    </Item>  </Articles>  <Push><![CDATA[true]]></Push></XML>",35
2013122400013560,北游公众号03,中国,03北游公众号03,来吧来吧03
2013122400013580,眉黛公众服务号,中国|北京|北京市|东城区,欢迎管关注我的公众账号,"欢迎管关注我的公众账号
提供n多在线服务
随时随地"
2013122400013580,公众号测试-liujw002,,,
2013122400013590,扫码大富,中国,ertretddgf,
2013122400013590,公众号-测试-liu,中国|浙江省|杭州市|西湖区,欢迎123,简介123
2013090600010970,中国银行信用卡,全国,欢迎使用支付宝公众服务！,提供全新的移动互联网体验，为您带来立即还款、还款明细、银行热线等功能，真正实现一机在手，服务随走。本服务由支付宝官方提供。
2013090600010980,广发银行信用卡,全国,欢迎使用支付宝公众服务！,提供全新的移动互联网体验，为您带来立即还款、还款明细、银行热线等功能，真正实现一机在手，服务随走。本服务由支付宝官方提供。
2013090600010980,中信银行信用卡,全国,欢迎使用支付宝公众服务！,提供全新的移动互联网体验，为您带来立即还款、还款明细、银行热线等功能，真正实现一机在手，服务随走。本服务由支付宝官方提供。
2013090600010980,中国民生银行信用卡,全国,欢迎使用支付宝公众服务！,提供全新的移动互联网体验，为您带来立即还款、还款明细、银行热线等功能，真正实现一机在手，服务随走。本服务由支付宝官方提供。
2013090600010980,平安银行信用卡,全国,欢迎使用支付宝公众服务！,提供全新的移动互联网体验，为您带来立即还款、还款明细、银行热线等功能，真正实现一机在手，服务随走。本服务由支付宝官方提供。
2013090600010980,浦发银行信用卡,全国,欢迎使用支付宝公众服务！,提供全新的移动互联网体验，为您带来立即还款、还款明细、银行热线等功能，真正实现一机在手，服务随走。本服务由支付宝官方提供。
2013090600010980,中国光大银行信用卡,全国,欢迎使用支付宝公众服务！,提供全新的移动互联网体验，为您带来立即还款、还款明细、银行热线等功能，真正实现一机在手，服务随走。本服务由支付宝官方提供。
2013090600010980,华夏银行信用卡,全国,欢迎使用支付宝公众服务！,提供全新的移动互联网体验，为您带来立即还款、还款明细、银行热线等功能，真正实现一机在手，服务随走。本服务由支付宝官方提供。
2013090600010980,宁波银行信用卡,全国,欢迎使用支付宝公众服务！,提供全新的移动互联网体验，为您带来立即还款、还款明细、银行热线等功能，真正实现一机在手，服务随走。本服务由支付宝官方提供。
2013090600010980,中国工商银行储蓄卡,全国,欢迎使用支付宝公众服务！,全新的移动互联网体验，提供储蓄卡转账记录、银行热线、转账汇款等功能，打造随时、随地、随心的银行卡服务体验。
2013090600010990,中国建设银行储蓄卡,全国,欢迎使用支付宝公众服务！,全新的移动互联网体验，提供储蓄卡转账记录、银行热线、转账汇款等功能，打造随时、随地、随心的银行卡服务体验。
2013090600010990,中国银行储蓄卡,全国,欢迎使用支付宝公众服务！,全新的移动互联网体验，提供储蓄卡转账记录、银行热线、转账汇款等功能，打造随时、随地、随心的银行卡服务体验。
2013090600010990,交通银行储蓄卡,全国,欢迎使用支付宝公众服务！,全新的移动互联网体验，提供储蓄卡转账记录、银行热线、转账汇款等功能，打造随时、随地、随心的银行卡服务体验。
2013090600010990,浦发银行储蓄卡,全国,欢迎使用支付宝公众服务！,全新的移动互联网体验，提供储蓄卡转账记录、银行热线、转账汇款等功能，打造随时、随地、随心的银行卡服务体验。
2013090600010990,广发银行储蓄卡,全国,欢迎使用支付宝公众服务！,全新的移动互联网体验，提供储蓄卡转账记录、银行热线、转账汇款等功能，打造随时、随地、随心的银行卡服务体验。
2013090600010990,中信银行储蓄卡,全国,欢迎使用支付宝公众服务！,全新的移动互联网体验，提供储蓄卡转账记录、银行热线、转账汇款等功能，打造随时、随地、随心的银行卡服务体验。
2013090600010990,中国光大银行储蓄卡,全国,欢迎使用支付宝公众服务！,全新的移动互联网体验，提供储蓄卡转账记录、银行热线、转账汇款等功能，打造随时、随地、随心的银行卡服务体验。
2013090600010990,兴业银行储蓄卡,全国,欢迎使用支付宝公众服务！,全新的移动互联网体验，提供储蓄卡转账记录、银行热线、转账汇款等功能，打造随时、随地、随心的银行卡服务体验。
2013090600010990,中国民生银行储蓄卡,全国,欢迎使用支付宝公众服务！,全新的移动互联网体验，提供储蓄卡转账记录、银行热线、转账汇款等功能，打造随时、随地、随心的银行卡服务体验。
2013090600011000,平安银行储蓄卡,全国,欢迎使用支付宝公众服务！,全新的移动互联网体验，提供储蓄卡转账记录、银行热线、转账汇款等功能，打造随时、随地、随心的银行卡服务体验。
2013090600011000,杭州银行储蓄卡,,欢迎使用支付宝公众服务！,全新的移动互联网体验，提供储蓄卡转账记录、银行热线、转账汇款等功能，打造随时、随地、随心的银行卡服务体验。
2013090600011000,中国移动,全国,感谢关注中国移动，沟通从心开始。,关注中国移动支付宝掌厅，查记录交话费，随时随地一键搞定。本服务由支付宝官方提供。
2013090600011000,中国联通,全国,感谢关注中国联通，让一切自由连通。,中国联通支付宝掌厅，便捷随身，查询缴费一键搞定。敬请光临，期待惊喜！本服务由支付宝官方提供。
2013090600010970,交通银行信用卡,全国,欢迎使用支付宝公众服务！,提供全新的移动互联网体验，为您带来立即还款、还款明细、银行热线等功能，真正实现一机在手，服务随走。本服务由支付宝官方提供。
2013090600011290,沂南县供电公司,山东,从今天起，告别排队，告别等待，查询缴费分分钟搞定！,为您提供免费的查询、缴费、提醒、自动代扣等服务。让您足不出户，享受一站式缴费服务。本服务由支付宝官方提供。
2013090600011290,郯城县供电公司,山东,从今天起，告别排队，告别等待，查询缴费分分钟搞定！,为您提供免费的查询、缴费、提醒、自动代扣等服务。让您足不出户，享受一站式缴费服务。本服务由支付宝官方提供。
2013090600011290,沂水县供电公司,山东,从今天起，告别排队，告别等待，查询缴费分分钟搞定！,为您提供免费的查询、缴费、提醒、自动代扣等服务。让您足不出户，享受一站式缴费服务。本服务由支付宝官方提供。
2013090600011290,苍山县供电公司,山东,从今天起，告别排队，告别等待，查询缴费分分钟搞定！,为您提供免费的查询、缴费、提醒、自动代扣等服务。让您足不出户，享受一站式缴费服务。本服务由支付宝官方提供。
2013090600011290,费县供电公司,山东,从今天起，告别排队，告别等待，查询缴费分分钟搞定！,为您提供免费的查询、缴费、提醒、自动代扣等服务。让您足不出户，享受一站式缴费服务。本服务由支付宝官方提供。
2013090600011290,平邑县供电公司,山东,从今天起，告别排队，告别等待，查询缴费分分钟搞定！,为您提供免费的查询、缴费、提醒、自动代扣等服务。让您足不出户，享受一站式缴费服务。本服务由支付宝官方提供。
2013090600011290,莒南县供电公司,山东,从今天起，告别排队，告别等待，查询缴费分分钟搞定！,为您提供免费的查询、缴费、提醒、自动代扣等服务。让您足不出户，享受一站式缴费服务。本服务由支付宝官方提供。
2013090600011290,蒙阴县供电公司,山东,从今天起，告别排队，告别等待，查询缴费分分钟搞定！,为您提供免费的查询、缴费、提醒、自动代扣等服务。让您足不出户，享受一站式缴费服务。本服务由支付宝官方提供。
2013090600011300,临沭县供电公司,山东,从今天起，告别排队，告别等待，查询缴费分分钟搞定！,为您提供免费的查询、缴费、提醒、自动代扣等服务。让您足不出户，享受一站式缴费服务。本服务由支付宝官方提供。
2013090600011300,德州供电公司,山东,从今天起，告别排队，告别等待，查询缴费分分钟搞定！,为您提供免费的查询、缴费、提醒、自动代扣等服务。让您足不出户，享受一站式缴费服务。本服务由支付宝官方提供。
2013090600011300,陵县供电公司,山东,从今天起，告别排队，告别等待，查询缴费分分钟搞定！,为您提供免费的查询、缴费、提醒、自动代扣等服务。让您足不出户，享受一站式缴费服务。本服务由支付宝官方提供。
2013090600011300,宁津县供电公司,山东,从今天起，告别排队，告别等待，查询缴费分分钟搞定！,为您提供免费的查询、缴费、提醒、自动代扣等服务。让您足不出户，享受一站式缴费服务。本服务由支付宝官方提供。
2013090600011300,庆云县供电公司,山东,从今天起，告别排队，告别等待，查询缴费分分钟搞定！,为您提供免费的查询、缴费、提醒、自动代扣等服务。让您足不出户，享受一站式缴费服务。本服务由支付宝官方提供。
2013090600011300,临邑县供电公司,山东,从今天起，告别排队，告别等待，查询缴费分分钟搞定！,为您提供免费的查询、缴费、提醒、自动代扣等服务。让您足不出户，享受一站式缴费服务。本服务由支付宝官方提供。
2013090600011300,齐河县供电公司,山东,从今天起，告别排队，告别等待，查询缴费分分钟搞定！,为您提供免费的查询、缴费、提醒、自动代扣等服务。让您足不出户，享受一站式缴费服务。本服务由支付宝官方提供。
2013090600011300,平原县供电公司,山东,从今天起，告别排队，告别等待，查询缴费分分钟搞定！,为您提供免费的查询、缴费、提醒、自动代扣等服务。让您足不出户，享受一站式缴费服务。本服务由支付宝官方提供。
2013090600011300,夏津县供电公司,山东,从今天起，告别排队，告别等待，查询缴费分分钟搞定！,为您提供免费的查询、缴费、提醒、自动代扣等服务。让您足不出户，享受一站式缴费服务。本服务由支付宝官方提供。
2013090600011300,武城县供电公司,山东,从今天起，告别排队，告别等待，查询缴费分分钟搞定！,为您提供免费的查询、缴费、提醒、自动代扣等服务。让您足不出户，享受一站式缴费服务。本服务由支付宝官方提供。
2013090600011310,乐陵市供电公司,山东,从今天起，告别排队，告别等待，查询缴费分分钟搞定！,为您提供免费的查询、缴费、提醒、自动代扣等服务。让您足不出户，享受一站式缴费服务。本服务由支付宝官方提供。
2013090600011310,禹城市供电公司,山东,从今天起，告别排队，告别等待，查询缴费分分钟搞定！,为您提供免费的查询、缴费、提醒、自动代扣等服务。让您足不出户，享受一站式缴费服务。本服务由支付宝官方提供。
2013090600011310,聊城供电公司,山东,从今天起，告别排队，告别等待，查询缴费分分钟搞定！,为您提供免费的查询、缴费、提醒、自动代扣等服务。让您足不出户，享受一站式缴费服务。本服务由支付宝官方提供。
2013090600011310,阳谷县供电公司,山东,从今天起，告别排队，告别等待，查询缴费分分钟搞定！,为您提供免费的查询、缴费、提醒、自动代扣等服务。让您足不出户，享受一站式缴费服务。本服务由支付宝官方提供。
2013090600011310,莘县供电公司,山东,从今天起，告别排队，告别等待，查询缴费分分钟搞定！,为您提供免费的查询、缴费、提醒、自动代扣等服务。让您足不出户，享受一站式缴费服务。本服务由支付宝官方提供。
2013090600010950,中国农业银行信用卡,全国,欢迎使用支付宝公众服务！,提供全新的移动互联网体验，为您带来立即还款、还款明细、账单查询等功能，真正实现一机在手，服务随走。本服务由支付宝官方提供。
2013090600010950,兴业银行信用卡,全国,欢迎使用支付宝公众服务！,提供全新的移动互联网体验，为您带来立即还款、还款明细、账单查询等功能，真正实现一机在手，服务随走。本服务由支付宝官方提供。
2013090600010950,北京银行信用卡,上海,欢迎使用支付宝公众服务！,提供全新的移动互联网体验，为您带来立即还款、还款明细、账单查询等功能，真正实现一机在手，服务随走。本服务由支付宝官方提供。
2013090600010950,广州银行信用卡,,欢迎使用支付宝公众服务！,提供全新的移动互联网体验，为您带来立即还款、还款明细、账单查询等功能，真正实现一机在手，服务随走。本服务由支付宝官方提供。
2013090600010950,江苏银行信用卡,,欢迎使用支付宝公众服务！,提供全新的移动互联网体验，为您带来立即还款、还款明细、账单查询等功能，真正实现一机在手，服务随走。本服务由支付宝官方提供。
2013090600010950,上海农商银行信用卡,,欢迎使用支付宝公众服务！,提供全新的移动互联网体验，为您带来立即还款、还款明细、账单查询等功能，真正实现一机在手，服务随走。本服务由支付宝官方提供。
2013090600010950,包商银行信用卡,,欢迎使用支付宝公众服务！,提供全新的移动互联网体验，为您带来立即还款、还款明细、账单查询等功能，真正实现一机在手，服务随走。本服务由支付宝官方提供。
2013090600010950,杭州银行信用卡,,欢迎使用支付宝公众服务！,提供全新的移动互联网体验，为您带来立即还款、还款明细、账单查询等功能，真正实现一机在手，服务随走。本服务由支付宝官方提供。
2013090600010960,南京银行信用卡,,欢迎使用支付宝公众服务！,提供全新的移动互联网体验，为您带来立即还款、还款明细、账单查询等功能，真正实现一机在手，服务随走。本服务由支付宝官方提供。
2013090600010960,河北银行信用卡,,欢迎使用支付宝公众服务！,提供全新的移动互联网体验，为您带来立即还款、还款明细、账单查询等功能，真正实现一机在手，服务随走。本服务由支付宝官方提供。
2013090600010960,重庆农村商业银行信用卡,,欢迎使用支付宝公众服务！,提供全新的移动互联网体验，为您带来立即还款、还款明细、账单查询等功能，真正实现一机在手，服务随走。本服务由支付宝官方提供。
2013090600010960,盛京银行信用卡,,欢迎使用支付宝公众服务！,提供全新的移动互联网体验，为您带来立即还款、还款明细、账单查询等功能，真正实现一机在手，服务随走。本服务由支付宝官方提供。
2013090600010960,成都农商银行信用卡,,欢迎使用支付宝公众服务！,提供全新的移动互联网体验，为您带来立即还款、还款明细、账单查询等功能，真正实现一机在手，服务随走。本服务由支付宝官方提供。
2013090600010960,上饶银行信用卡,,欢迎使用支付宝公众服务！,提供全新的移动互联网体验，为您带来立即还款、还款明细、账单查询等功能，真正实现一机在手，服务随走。本服务由支付宝官方提供。
2013090600010960,尧都农商银行信用卡,,欢迎使用支付宝公众服务！,提供全新的移动互联网体验，为您带来立即还款、还款明细、账单查询等功能，真正实现一机在手，服务随走。本服务由支付宝官方提供。
2013090600010960,汉口银行信用卡,,欢迎使用支付宝公众服务！,提供全新的移动互联网体验，为您带来立即还款、还款明细、账单查询等功能，真正实现一机在手，服务随走。本服务由支付宝官方提供。
2013090600010960,商丘市商业银行信用卡,,欢迎使用支付宝公众服务！,提供全新的移动互联网体验，为您带来立即还款、还款明细、账单查询等功能，真正实现一机在手，服务随走。本服务由支付宝官方提供。
2013090600010970,温州银行信用卡,,欢迎使用支付宝公众服务！,提供全新的移动互联网体验，为您带来立即还款、还款明细、账单查询等功能，真正实现一机在手，服务随走。本服务由支付宝官方提供。
2013090600010970,哈尔滨银行信用卡,,欢迎使用支付宝公众服务！,提供全新的移动互联网体验，为您带来立即还款、还款明细、账单查询等功能，真正实现一机在手，服务随走。本服务由支付宝官方提供。
2013090600010970,天津银行信用卡,,欢迎使用支付宝公众服务！,提供全新的移动互联网体验，为您带来立即还款、还款明细、账单查询等功能，真正实现一机在手，服务随走。本服务由支付宝官方提供。
2013090600010970,威海市商业银行信用卡,,欢迎使用支付宝公众服务！,提供全新的移动互联网体验，为您带来立即还款、还款明细、账单查询等功能，真正实现一机在手，服务随走。本服务由支付宝官方提供。
2013090600010970,重庆银行信用卡,,欢迎使用支付宝公众服务！,提供全新的移动互联网体验，为您带来立即还款、还款明细、账单查询等功能，真正实现一机在手，服务随走。本服务由支付宝官方提供。
2013090600010970,徽商银行信用卡,,欢迎使用支付宝公众服务！,提供全新的移动互联网体验，为您带来立即还款、还款明细、账单查询等功能，真正实现一机在手，服务随走。本服务由支付宝官方提供。
2013090600010970,中国工商银行信用卡,全国,欢迎使用支付宝公众服务！,提供全新的移动互联网体验，为您带来立即还款、还款明细、银行热线等功能，真正实现一机在手，服务随走。本服务由支付宝官方提供。
2013090600011000,中国电信,全国,感谢关注中国电信，世界触手可及。,天翼3G，改变你我的生活！关注中国电信支付宝掌厅，查账单交话费，随时随地一键搞定。本服务由支付宝官方提供。
2013090600011000,临安供电局,浙江,从今天起，告别排队，告别等待，查询缴费分分钟搞定！,为您提供免费的查询、缴费、提醒、自动代扣等服务。让您足不出户，享受一站式缴费服务。本服务由支付宝官方提供。
2013090600011000,余杭供电局,浙江,从今天起，告别排队，告别等待，查询缴费分分钟搞定！,为您提供免费的查询、缴费、提醒、自动代扣等服务。让您足不出户，享受一站式缴费服务。本服务由支付宝官方提供。
2013090600011000,富阳供电局,浙江,从今天起，告别排队，告别等待，查询缴费分分钟搞定！,为您提供免费的查询、缴费、提醒、自动代扣等服务。让您足不出户，享受一站式缴费服务。本服务由支付宝官方提供。
2013090600011000,杭州市电力局(市区),浙江,从今天起，告别排队，告别等待，查询缴费分分钟搞定！,为您提供免费的查询、缴费、提醒、自动代扣等服务。让您足不出户，享受一站式缴费服务。本服务由支付宝官方提供。
2013090600011000,建德市供电局,浙江,从今天起，告别排队，告别等待，查询缴费分分钟搞定！,为您提供免费的查询、缴费、提醒、自动代扣等服务。让您足不出户，享受一站式缴费服务。本服务由支付宝官方提供。
2013090600011010,桐庐供电局,浙江,从今天起，告别排队，告别等待，查询缴费分分钟搞定！,为您提供免费的查询、缴费、提醒、自动代扣等服务。让您足不出户，享受一站式缴费服务。本服务由支付宝官方提供。
2013090600011010,萧山供电局,浙江,从今天起，告别排队，告别等待，查询缴费分分钟搞定！,为您提供免费的查询、缴费、提醒、自动代扣等服务。让您足不出户，享受一站式缴费服务。本服务由支付宝官方提供。
2013090600011010,淳安县供电局,浙江,从今天起，告别排队，告别等待，查询缴费分分钟搞定！,为您提供免费的查询、缴费、提醒、自动代扣等服务。让您足不出户，享受一站式缴费服务。本服务由支付宝官方提供。
2013090600011010,长春供电公司,吉林,从今天起，告别排队，告别等待，查询缴费分分钟搞定！,为您提供免费的查询、缴费、提醒、自动代扣等服务。让您足不出户，享受一站式缴费服务。本服务由支付宝官方提供。
2013090600011010,上海市电力公司（户号）,上海,从今天起，告别排队，告别等待，查询缴费分分钟搞定！,为您提供免费的查询、缴费、提醒、自动代扣等服务。让您足不出户，享受一站式缴费服务。本服务由支付宝官方提供。
2013090600011010,山东电力集团公司济南市电力公司,山东,从今天起，告别排队，告别等待，查询缴费分分钟搞定！,为您提供免费的查询、缴费、提醒、自动代扣等服务。让您足不出户，享受一站式缴费服务。本服务由支付宝官方提供。
2013090600011010,山东电力集团公司烟台供电公司,山东,从今天起，告别排队，告别等待，查询缴费分分钟搞定！,为您提供免费的查询、缴费、提醒、自动代扣等服务。让您足不出户，享受一站式缴费服务。本服务由支付宝官方提供。
2013090600011010,深圳供电局（光明新区）,广东,从今天起，告别排队，告别等待，查询缴费分分钟搞定！,为您提供免费的查询、缴费、提醒、自动代扣等服务。让您足不出户，享受一站式缴费服务。本服务由支付宝官方提供。
2013090600011010,深圳供电局（关内）,广东,从今天起，告别排队，告别等待，查询缴费分分钟搞定！,为您提供免费的查询、缴费、提醒、自动代扣等服务。让您足不出户，享受一站式缴费服务。本服务由支付宝官方提供。
2013090600011010,深圳供电局（宝安区）,广东,从今天起，告别排队，告别等待，查询缴费分分钟搞定！,为您提供免费的查询、缴费、提醒、自动代扣等服务。让您足不出户，享受一站式缴费服务。本服务由支付宝官方提供。
2013090600011020,深圳供电局（龙岗区）,广东,从今天起，告别排队，告别等待，查询缴费分分钟搞定！,为您提供免费的查询、缴费、提醒、自动代扣等服务。让您足不出户，享受一站式缴费服务。本服务由支付宝官方提供。
2013090600011020,湖南省电力公司长沙电业局,湖南,从今天起，告别排队，告别等待，查询缴费分分钟搞定！,为您提供免费的查询、缴费、提醒、自动代扣等服务。让您足不出户，享受一站式缴费服务。本服务由支付宝官方提供。
2013090600011020,国网北京市电力公司（网络电表）,北京,从今天起，告别排队，告别等待，查询缴费分分钟搞定！,为您提供免费的查询、缴费、提醒、自动代扣等服务。让您足不出户，享受一站式缴费服务。本服务由支付宝官方提供。
2013090600011020,咸阳供电所,陕西,从今天起，告别排队，告别等待，查询缴费分分钟搞定！,为您提供免费的查询、缴费、提醒、自动代扣等服务。让您足不出户，享受一站式缴费服务。本服务由支付宝官方提供。
2013090600011020,宝鸡供电局甘峪供电所,陕西,从今天起，告别排队，告别等待，查询缴费分分钟搞定！,为您提供免费的查询、缴费、提醒、自动代扣等服务。让您足不出户，享受一站式缴费服务。本服务由支付宝官方提供。
2013090600011020,延安供电所,陕西,从今天起，告别排队，告别等待，查询缴费分分钟搞定！,为您提供免费的查询、缴费、提醒、自动代扣等服务。让您足不出户，享受一站式缴费服务。本服务由支付宝官方提供。
2013090600011310,茌平县供电公司,山东,从今天起，告别排队，告别等待，查询缴费分分钟搞定！,为您提供免费的查询、缴费、提醒、自动代扣等服务。让您足不出户，享受一站式缴费服务。本服务由支付宝官方提供。
2013090600011310,东阿县供电公司,山东,从今天起，告别排队，告别等待，查询缴费分分钟搞定！,为您提供免费的查询、缴费、提醒、自动代扣等服务。让您足不出户，享受一站式缴费服务。本服务由支付宝官方提供。
2013090600011310,冠县供电公司,山东,从今天起，告别排队，告别等待，查询缴费分分钟搞定！,为您提供免费的查询、缴费、提醒、自动代扣等服务。让您足不出户，享受一站式缴费服务。本服务由支付宝官方提供。
2013090600011310,高唐县供电公司,山东,从今天起，告别排队，告别等待，查询缴费分分钟搞定！,为您提供免费的查询、缴费、提醒、自动代扣等服务。让您足不出户，享受一站式缴费服务。本服务由支付宝官方提供。
2013090600011310,临清市供电公司,山东,从今天起，告别排队，告别等待，查询缴费分分钟搞定！,为您提供免费的查询、缴费、提醒、自动代扣等服务。让您足不出户，享受一站式缴费服务。本服务由支付宝官方提供。
2013090600011320,滨州供电公司,山东,从今天起，告别排队，告别等待，查询缴费分分钟搞定！,为您提供免费的查询、缴费、提醒、自动代扣等服务。让您足不出户，享受一站式缴费服务。本服务由支付宝官方提供。
2013090600011320,滨城区供电公司,山东,从今天起，告别排队，告别等待，查询缴费分分钟搞定！,为您提供免费的查询、缴费、提醒、自动代扣等服务。让您足不出户，享受一站式缴费服务。本服务由支付宝官方提供。
2013090600011320,惠民县供电公司,山东,从今天起，告别排队，告别等待，查询缴费分分钟搞定！,为您提供免费的查询、缴费、提醒、自动代扣等服务。让您足不出户，享受一站式缴费服务。本服务由支付宝官方提供。
2013090600011320,阳信县供电公司,山东,从今天起，告别排队，告别等待，查询缴费分分钟搞定！,为您提供免费的查询、缴费、提醒、自动代扣等服务。让您足不出户，享受一站式缴费服务。本服务由支付宝官方提供。
2013090600011320,无棣县供电公司,山东,从今天起，告别排队，告别等待，查询缴费分分钟搞定！,为您提供免费的查询、缴费、提醒、自动代扣等服务。让您足不出户，享受一站式缴费服务。本服务由支付宝官方提供。
2013090600011320,沾化县供电公司,山东,从今天起，告别排队，告别等待，查询缴费分分钟搞定！,为您提供免费的查询、缴费、提醒、自动代扣等服务。让您足不出户，享受一站式缴费服务。本服务由支付宝官方提供。
2013090600011320,博兴县供电公司,山东,从今天起，告别排队，告别等待，查询缴费分分钟搞定！,为您提供免费的查询、缴费、提醒、自动代扣等服务。让您足不出户，享受一站式缴费服务。本服务由支付宝官方提供。
2013090600011320,菏泽供电公司,山东,从今天起，告别排队，告别等待，查询缴费分分钟搞定！,为您提供免费的查询、缴费、提醒、自动代扣等服务。让您足不出户，享受一站式缴费服务。本服务由支付宝官方提供。
2013090600011320,曹县供电公司,山东,从今天起，告别排队，告别等待，查询缴费分分钟搞定！,为您提供免费的查询、缴费、提醒、自动代扣等服务。让您足不出户，享受一站式缴费服务。本服务由支付宝官方提供。
2013090600011320,定陶县供电公司,山东,从今天起，告别排队，告别等待，查询缴费分分钟搞定！,为您提供免费的查询、缴费、提醒、自动代扣等服务。让您足不出户，享受一站式缴费服务。本服务由支付宝官方提供。
2013090600011330,成武县供电公司,山东,从今天起，告别排队，告别等待，查询缴费分分钟搞定！,为您提供免费的查询、缴费、提醒、自动代扣等服务。让您足不出户，享受一站式缴费服务。本服务由支付宝官方提供。
2013090600011330,单县供电公司,山东,从今天起，告别排队，告别等待，查询缴费分分钟搞定！,为您提供免费的查询、缴费、提醒、自动代扣等服务。让您足不出户，享受一站式缴费服务。本服务由支付宝官方提供。
2013090600011330,巨野县供电公司,山东,从今天起，告别排队，告别等待，查询缴费分分钟搞定！,为您提供免费的查询、缴费、提醒、自动代扣等服务。让您足不出户，享受一站式缴费服务。本服务由支付宝官方提供。
2013090600011330,郓城县供电公司,山东,从今天起，告别排队，告别等待，查询缴费分分钟搞定！,为您提供免费的查询、缴费、提醒、自动代扣等服务。让您足不出户，享受一站式缴费服务。本服务由支付宝官方提供。
2013090600011330,鄄城县供电公司,山东,从今天起，告别排队，告别等待，查询缴费分分钟搞定！,为您提供免费的查询、缴费、提醒、自动代扣等服务。让您足不出户，享受一站式缴费服务。本服务由支付宝官方提供。
2013090600011330,东明县供电公司,山东,从今天起，告别排队，告别等待，查询缴费分分钟搞定！,为您提供免费的查询、缴费、提醒、自动代扣等服务。让您足不出户，享受一站式缴费服务。本服务由支付宝官方提供。
2013090600011330,广东电网公司（中山）,广东,从今天起，告别排队，告别等待，查询缴费分分钟搞定！,为您提供免费的查询、缴费、提醒、自动代扣等服务。让您足不出户，享受一站式缴费服务。本服务由支付宝官方提供。
2013090600011330,广东电网公司（云浮）,广东,从今天起，告别排队，告别等待，查询缴费分分钟搞定！,为您提供免费的查询、缴费、提醒、自动代扣等服务。让您足不出户，享受一站式缴费服务。本服务由支付宝官方提供。
2013092200011810,test回归-9.24,全国,,test回归-9.24
2013092200011810,test回归-9.24hehe,全国,,test回归-9.24
2013092200011820,test9.24回归,全国,test9.24回归,test9.24回归
2013092200011820,test9.24回归2,全国,test9.24回归,test9.24回归
2013092200011830,test9.24回归2-申请,全国,test9.24回归,test9.24回归
2013092200011830,test9.24回归-申请,全国,test9.24回归,test9.24回归
2013102100012240,10.21回归测试11,全国,您好,10.21回归测试
2013102100012250,10.21回归测试112,全国,您好,10.21回归测试
2013102100012250,10.21回归测试,,您好,10.21回归测试
2013102800012370,公众5,全国,公众5欢迎你,公众5
2013102800012370,公众6,全国,公众6欢迎你,公众6
2013111200012520,旭阳有限公司,,,
2013111200012520,养蚕,,,
2013111200012530,傅玄公众号测试,,,
2013112300012860,朱卉CRM,中国|上海|上海市|浦东新区,朱卉CRM欢迎使用！！！！！来者不拒哦！！！！！,朱卉CRM优秀客户会员管理系统，名声享御海内外。。。。。。。。。。支持中国设立东海防控识别圈，坚决打击一切来犯之敌！！！！！！！！
2013112900002230,12306,中国,12306公众帐号,
2013121900013310,迭代一测试2,中国,轻轻巧巧去,当地的
2013121900013330,公众号四期测试1,浙江省|杭州市,2.22222E+17,1.11111E+16
2013122000013400,北游公众号01,全国,01来吧来吧01,北北北北北
2013112200012830,九九六,中国|上海|上海市|虹口区,安眠药,"羊肉很好吃，""> ! <"" 红包特价，光纤断了，温家宝香水枪支"
2013090600011020,榆林供电所,陕西,从今天起，告别排队，告别等待，查询缴费分分钟搞定！,为您提供免费的查询、缴费、提醒、自动代扣等服务。让您足不出户，享受一站式缴费服务。本服务由支付宝官方提供。
2013090600011020,汉中市区电力局,陕西,从今天起，告别排队，告别等待，查询缴费分分钟搞定！,为您提供免费的查询、缴费、提醒、自动代扣等服务。让您足不出户，享受一站式缴费服务。本服务由支付宝官方提供。
2013090600011020,西安供电局,陕西,从今天起，告别排队，告别等待，查询缴费分分钟搞定！,为您提供免费的查询、缴费、提醒、自动代扣等服务。让您足不出户，享受一站式缴费服务。本服务由支付宝官方提供。
2013090600011020,铜川供电局,陕西,从今天起，告别排队，告别等待，查询缴费分分钟搞定！,为您提供免费的查询、缴费、提醒、自动代扣等服务。让您足不出户，享受一站式缴费服务。本服务由支付宝官方提供。
2013090600011030,大连市供电公司,辽宁,从今天起，告别排队，告别等待，查询缴费分分钟搞定！,为您提供免费的查询、缴费、提醒、自动代扣等服务。让您足不出户，享受一站式缴费服务。本服务由支付宝官方提供。
2013090600011030,安庆市电力公司,安徽,从今天起，告别排队，告别等待，查询缴费分分钟搞定！,为您提供免费的查询、缴费、提醒、自动代扣等服务。让您足不出户，享受一站式缴费服务。本服务由支付宝官方提供。
2013090600011030,宿州市电力公司,安徽,从今天起，告别排队，告别等待，查询缴费分分钟搞定！,为您提供免费的查询、缴费、提醒、自动代扣等服务。让您足不出户，享受一站式缴费服务。本服务由支付宝官方提供。
2013090600011030,抚顺市电力公司,辽宁,从今天起，告别排队，告别等待，查询缴费分分钟搞定！,为您提供免费的查询、缴费、提醒、自动代扣等服务。让您足不出户，享受一站式缴费服务。本服务由支付宝官方提供。
2013090600011030,朝阳市电力公司,辽宁,从今天起，告别排队，告别等待，查询缴费分分钟搞定！,为您提供免费的查询、缴费、提醒、自动代扣等服务。让您足不出户，享受一站式缴费服务。本服务由支付宝官方提供。
2013090600011030,本溪市电力公司,辽宁,从今天起，告别排队，告别等待，查询缴费分分钟搞定！,为您提供免费的查询、缴费、提醒、自动代扣等服务。让您足不出户，享受一站式缴费服务。本服务由支付宝官方提供。
2013090600011030,淮北市电力公司,安徽,从今天起，告别排队，告别等待，查询缴费分分钟搞定！,为您提供免费的查询、缴费、提醒、自动代扣等服务。让您足不出户，享受一站式缴费服务。本服务由支付宝官方提供。
2013090600011030,湖南省电力有限公司,湖南,从今天起，告别排队，告别等待，查询缴费分分钟搞定！,为您提供免费的查询、缴费、提醒、自动代扣等服务。让您足不出户，享受一站式缴费服务。本服务由支付宝官方提供。
2013090600011030,滁州市电力公司,安徽,从今天起，告别排队，告别等待，查询缴费分分钟搞定！,为您提供免费的查询、缴费、提醒、自动代扣等服务。让您足不出户，享受一站式缴费服务。本服务由支付宝官方提供。
2013090600011030,盘锦市电力公司,辽宁,从今天起，告别排队，告别等待，查询缴费分分钟搞定！,为您提供免费的查询、缴费、提醒、自动代扣等服务。让您足不出户，享受一站式缴费服务。本服务由支付宝官方提供。
2013090600011040,葫芦岛市电力公司,辽宁,从今天起，告别排队，告别等待，查询缴费分分钟搞定！,为您提供免费的查询、缴费、提醒、自动代扣等服务。让您足不出户，享受一站式缴费服务。本服务由支付宝官方提供。
2013090600011040,贵阳市电力公司,贵州,从今天起，告别排队，告别等待，查询缴费分分钟搞定！,为您提供免费的查询、缴费、提醒、自动代扣等服务。让您足不出户，享受一站式缴费服务。本服务由支付宝官方提供。
2013090600011040,铁岭市电力公司,辽宁,从今天起，告别排队，告别等待，查询缴费分分钟搞定！,为您提供免费的查询、缴费、提醒、自动代扣等服务。让您足不出户，享受一站式缴费服务。本服务由支付宝官方提供。
2013090600011040,阜新市电力公司,辽宁,从今天起，告别排队，告别等待，查询缴费分分钟搞定！,为您提供免费的查询、缴费、提醒、自动代扣等服务。让您足不出户，享受一站式缴费服务。本服务由支付宝官方提供。
2013090600011040,黄山市电力公司,安徽,从今天起，告别排队，告别等待，查询缴费分分钟搞定！,为您提供免费的查询、缴费、提醒、自动代扣等服务。让您足不出户，享受一站式缴费服务。本服务由支付宝官方提供。
2013090600011040,太原供电局,山西,从今天起，告别排队，告别等待，查询缴费分分钟搞定！,为您提供免费的查询、缴费、提醒、自动代扣等服务。让您足不出户，享受一站式缴费服务。本服务由支付宝官方提供。
2013090600011040,淮南市供电局,安徽,从今天起，告别排队，告别等待，查询缴费分分钟搞定！,为您提供免费的查询、缴费、提醒、自动代扣等服务。让您足不出户，享受一站式缴费服务。本服务由支付宝官方提供。
2013090600011040,营口市供电局,辽宁,从今天起，告别排队，告别等待，查询缴费分分钟搞定！,为您提供免费的查询、缴费、提醒、自动代扣等服务。让您足不出户，享受一站式缴费服务。本服务由支付宝官方提供。
2013090600011330,广东电网公司（揭阳）,广东,从今天起，告别排队，告别等待，查询缴费分分钟搞定！,为您提供免费的查询、缴费、提醒、自动代扣等服务。让您足不出户，享受一站式缴费服务。本服务由支付宝官方提供。
2013090600011330,广东电网公司（潮州）,广东,从今天起，告别排队，告别等待，查询缴费分分钟搞定！,为您提供免费的查询、缴费、提醒、自动代扣等服务。让您足不出户，享受一站式缴费服务。本服务由支付宝官方提供。
2013090600011340,广东电网公司（东莞）,广东,从今天起，告别排队，告别等待，查询缴费分分钟搞定！,为您提供免费的查询、缴费、提醒、自动代扣等服务。让您足不出户，享受一站式缴费服务。本服务由支付宝官方提供。
2013090600011340,广东电网公司（清远）,广东,从今天起，告别排队，告别等待，查询缴费分分钟搞定！,为您提供免费的查询、缴费、提醒、自动代扣等服务。让您足不出户，享受一站式缴费服务。本服务由支付宝官方提供。
2013090600011340,广东电网公司（阳江）,广东,从今天起，告别排队，告别等待，查询缴费分分钟搞定！,为您提供免费的查询、缴费、提醒、自动代扣等服务。让您足不出户，享受一站式缴费服务。本服务由支付宝官方提供。
2013090600011340,广东电网公司（河源）,广东,从今天起，告别排队，告别等待，查询缴费分分钟搞定！,为您提供免费的查询、缴费、提醒、自动代扣等服务。让您足不出户，享受一站式缴费服务。本服务由支付宝官方提供。
2013090600011340,广东电网公司（汕尾）,广东,从今天起，告别排队，告别等待，查询缴费分分钟搞定！,为您提供免费的查询、缴费、提醒、自动代扣等服务。让您足不出户，享受一站式缴费服务。本服务由支付宝官方提供。
2013090600011340,广东电网公司（梅州）,广东,从今天起，告别排队，告别等待，查询缴费分分钟搞定！,为您提供免费的查询、缴费、提醒、自动代扣等服务。让您足不出户，享受一站式缴费服务。本服务由支付宝官方提供。
2013090600011340,广东电网公司（惠州）,广东,从今天起，告别排队，告别等待，查询缴费分分钟搞定！,为您提供免费的查询、缴费、提醒、自动代扣等服务。让您足不出户，享受一站式缴费服务。本服务由支付宝官方提供。
2013090600011340,广东电网公司（肇庆）,广东,从今天起，告别排队，告别等待，查询缴费分分钟搞定！,为您提供免费的查询、缴费、提醒、自动代扣等服务。让您足不出户，享受一站式缴费服务。本服务由支付宝官方提供。
2013090600011340,广东电网公司（茂名）,广东,从今天起，告别排队，告别等待，查询缴费分分钟搞定！,为您提供免费的查询、缴费、提醒、自动代扣等服务。让您足不出户，享受一站式缴费服务。本服务由支付宝官方提供。
2013090600011340,广东电网公司（湛江）,广东,从今天起，告别排队，告别等待，查询缴费分分钟搞定！,为您提供免费的查询、缴费、提醒、自动代扣等服务。让您足不出户，享受一站式缴费服务。本服务由支付宝官方提供。
2013090600011350,广东电网公司（江门）,广东,从今天起，告别排队，告别等待，查询缴费分分钟搞定！,为您提供免费的查询、缴费、提醒、自动代扣等服务。让您足不出户，享受一站式缴费服务。本服务由支付宝官方提供。
2013090600011350,广东电网公司（汕头）,广东,从今天起，告别排队，告别等待，查询缴费分分钟搞定！,为您提供免费的查询、缴费、提醒、自动代扣等服务。让您足不出户，享受一站式缴费服务。本服务由支付宝官方提供。
2013090600011350,广东电网公司（佛山）,广东,从今天起，告别排队，告别等待，查询缴费分分钟搞定！,为您提供免费的查询、缴费、提醒、自动代扣等服务。让您足不出户，享受一站式缴费服务。本服务由支付宝官方提供。
2013090600011350,广东电网公司（珠海）,广东,从今天起，告别排队，告别等待，查询缴费分分钟搞定！,为您提供免费的查询、缴费、提醒、自动代扣等服务。让您足不出户，享受一站式缴费服务。本服务由支付宝官方提供。
2013090600011350,广东电网公司（韶关）,广东,从今天起，告别排队，告别等待，查询缴费分分钟搞定！,为您提供免费的查询、缴费、提醒、自动代扣等服务。让您足不出户，享受一站式缴费服务。本服务由支付宝官方提供。
2013090600011350,国网北京市电力公司（智能电表）,北京,从今天起，告别排队，告别等待，查询缴费分分钟搞定！,为您提供免费的查询、缴费、提醒、自动代扣等服务。让您足不出户，享受一站式缴费服务。本服务由支付宝官方提供。
2013090600011350,孝感供电公司,湖北,从今天起，告别排队，告别等待，查询缴费分分钟搞定！,为您提供免费的查询、缴费、提醒、自动代扣等服务。让您足不出户，享受一站式缴费服务。本服务由支付宝官方提供。
2013090600011350,咸宁供电公司,湖北,从今天起，告别排队，告别等待，查询缴费分分钟搞定！,为您提供免费的查询、缴费、提醒、自动代扣等服务。让您足不出户，享受一站式缴费服务。本服务由支付宝官方提供。
2013090600011350,随州供电公司,湖北,从今天起，告别排队，告别等待，查询缴费分分钟搞定！,为您提供免费的查询、缴费、提醒、自动代扣等服务。让您足不出户，享受一站式缴费服务。本服务由支付宝官方提供。
2013090600011350,十堰供电公司,湖北,从今天起，告别排队，告别等待，查询缴费分分钟搞定！,为您提供免费的查询、缴费、提醒、自动代扣等服务。让您足不出户，享受一站式缴费服务。本服务由支付宝官方提供。
2013122100013430,风刀5,全国,"hello,moto5",风刀5，描述个头啊
2013122100013430,风刀6,全国,"hello,moto6",风刀6，描述个头啊
2013122100013430,大富公众三,,,
2013122300013460,会员卡二期alipass4,,,
2013090900011620,金刚股份1,中国|北京|北京市|西城区,看看,零壹贰叁肆伍陆柒捌玖零壹贰叁肆伍陆柒捌玖零壹贰叁肆伍陆柒捌玖零壹贰叁肆伍陆柒捌玖零壹贰叁肆伍陆柒捌五零壹贰叁肆伍陆柒捌玖零壹贰叁肆伍陆柒捌玖零温家宝
2013122500013600,你猜,,,
2013122100013440,风刀9,中国|江苏省|无锡市|北塘区,你猜我是谁？安眠药,第一次审核通过温家宝
2013122500013610,风刀55,中国|江苏省|,第一次审核通过温家宝,第一次审核通过温家宝
2013122500013610,风刀66,中国|江苏省|,,第一次审核通过
2013122500013610,风刀7,中国|江苏省|,第一,第一
2013122100013420,JYJ公众号3,中国,"<?xml version=""1.0"" encoding=""gbk""?>
<XML>
  <ToUserId></ToUserId>
  <AgreementId></AgreementId>
  <AppId><![CDATA[2013122100013429]]></AppId>
  <GroupId></GroupId>
  <CreateTime><![CDATA[1392629931000]]></CreateTime>
  <MsgType><![CDATA[image-text]]></MsgType>
  <ArticleCount><![CDATA[3]]></ArticleCount>
  <Articles>
    <Item>
      <Title><![CDATA[多图文]]></Title>
      <Desc></Desc>
      <ImageUrl><![CDATA[http://pic.alipayobjects.com/e/201402/26IMEPUgOT.jpg_[pixelWidth]x.jpg]]></ImageUrl>
      <Url><![CDATA[http://tfs.stable.alipay.net/images/partner/T1kXxXXkhaXXbMsGbX.html]]></Url>
      <ActionName></ActionName>
    </Item>
    <Item>
      <Title><![CDATA[多图文]]></Title>
      <Desc></Desc>
      <ImageUrl><![CDATA[http://pic.alipayobjects.com/e/201402/26ISlz7kpJ.jpg_[pixelWidth]x.jpg]]></ImageUrl>
      <Url><![CDATA[http://www.baidu.com]]></Url>
      <ActionName></ActionName>
    </Item>
    <Item>
      <Title><![CDATA[多图文]]></Title>
      <Desc></Desc>
      <ImageUrl><![CDATA[http://pic.alipayobjects.com/e/201402/26IMhsVhdt.jpg_[pixelWidth]x.jpg]]></ImageUrl>
      <Url><![CDATA[http://tfs.stable.alipay.net/images/partner/T1jVxXXk4aXXbMsGbX.html]]></Url>
      <ActionName></ActionName>
    </Item>
  </Articles>
  <Push><![CDATA[true]]></Push>
</XML>",1JYJ公众号3，JYJ公众号3（测试环境）
2014011000013990,季东策,,,
2014011000013990,天煞孤星,,,
2014011100014000,cch的定向送礼,,啊盛大盛大,撒打算
2013090600011090,安徽芜湖电力公司,安徽,从今天起，告别排队，告别等待，查询缴费分分钟搞定！,为您提供免费的查询、缴费、提醒、自动代扣等服务。让您足不出户，享受一站式缴费服务。本服务由支付宝官方提供。
2013090600011090,六盘山电力公司,贵州,从今天起，告别排队，告别等待，查询缴费分分钟搞定！,为您提供免费的查询、缴费、提醒、自动代扣等服务。让您足不出户，享受一站式缴费服务。本服务由支付宝官方提供。
2013090600011090,六盘水市电力公司,贵州,从今天起，告别排队，告别等待，查询缴费分分钟搞定！,为您提供免费的查询、缴费、提醒、自动代扣等服务。让您足不出户，享受一站式缴费服务。本服务由支付宝官方提供。
2013090600011090,毕节电力公司,贵州,从今天起，告别排队，告别等待，查询缴费分分钟搞定！,为您提供免费的查询、缴费、提醒、自动代扣等服务。让您足不出户，享受一站式缴费服务。本服务由支付宝官方提供。
2013090600011090,甘肃电力公司,甘肃,从今天起，告别排队，告别等待，查询缴费分分钟搞定！,为您提供免费的查询、缴费、提醒、自动代扣等服务。让您足不出户，享受一站式缴费服务。本服务由支付宝官方提供。
2013090600011090,贵州安顺电力公司,贵州,从今天起，告别排队，告别等待，查询缴费分分钟搞定！,为您提供免费的查询、缴费、提醒、自动代扣等服务。让您足不出户，享受一站式缴费服务。本服务由支付宝官方提供。
2013090600011090,贵州铜仁电力公司,贵州,从今天起，告别排队，告别等待，查询缴费分分钟搞定！,为您提供免费的查询、缴费、提醒、自动代扣等服务。让您足不出户，享受一站式缴费服务。本服务由支付宝官方提供。
2013090600011090,遵义电力公司,贵州,从今天起，告别排队，告别等待，查询缴费分分钟搞定！,为您提供免费的查询、缴费、提醒、自动代扣等服务。让您足不出户，享受一站式缴费服务。本服务由支付宝官方提供。
2013090600011090,三门县电力公司,浙江,从今天起，告别排队，告别等待，查询缴费分分钟搞定！,为您提供免费的查询、缴费、提醒、自动代扣等服务。让您足不出户，享受一站式缴费服务。本服务由支付宝官方提供。
2013090600011100,上虞电力公司,浙江,从今天起，告别排队，告别等待，查询缴费分分钟搞定！,为您提供免费的查询、缴费、提醒、自动代扣等服务。让您足不出户，享受一站式缴费服务。本服务由支付宝官方提供。
2013090600011100,东阳市供电局,浙江,从今天起，告别排队，告别等待，查询缴费分分钟搞定！,为您提供免费的查询、缴费、提醒、自动代扣等服务。让您足不出户，享受一站式缴费服务。本服务由支付宝官方提供。
2013090600011100,临海市电力公司,浙江,从今天起，告别排队，告别等待，查询缴费分分钟搞定！,为您提供免费的查询、缴费、提醒、自动代扣等服务。让您足不出户，享受一站式缴费服务。本服务由支付宝官方提供。
2013090600011100,丽水电业局,浙江,从今天起，告别排队，告别等待，查询缴费分分钟搞定！,为您提供免费的查询、缴费、提醒、自动代扣等服务。让您足不出户，享受一站式缴费服务。本服务由支付宝官方提供。
2013090600011100,义乌市供电局,浙江,从今天起，告别排队，告别等待，查询缴费分分钟搞定！,为您提供免费的查询、缴费、提醒、自动代扣等服务。让您足不出户，享受一站式缴费服务。本服务由支付宝官方提供。
2013090600011100,乐清市供电局,浙江,从今天起，告别排队，告别等待，查询缴费分分钟搞定！,为您提供免费的查询、缴费、提醒、自动代扣等服务。让您足不出户，享受一站式缴费服务。本服务由支付宝官方提供。
2013090600011100,云和县电力公司,浙江,从今天起，告别排队，告别等待，查询缴费分分钟搞定！,为您提供免费的查询、缴费、提醒、自动代扣等服务。让您足不出户，享受一站式缴费服务。本服务由支付宝官方提供。
2013090600011100,仙居县供电局,浙江,从今天起，告别排队，告别等待，查询缴费分分钟搞定！,为您提供免费的查询、缴费、提醒、自动代扣等服务。让您足不出户，享受一站式缴费服务。本服务由支付宝官方提供。
2013090600011100,余姚市供电局,浙江,从今天起，告别排队，告别等待，查询缴费分分钟搞定！,为您提供免费的查询、缴费、提醒、自动代扣等服务。让您足不出户，享受一站式缴费服务。本服务由支付宝官方提供。
2013090600011100,兰溪市供电局,浙江,从今天起，告别排队，告别等待，查询缴费分分钟搞定！,为您提供免费的查询、缴费、提醒、自动代扣等服务。让您足不出户，享受一站式缴费服务。本服务由支付宝官方提供。
2013090600011110,台州市椒江电力公司,浙江,从今天起，告别排队，告别等待，查询缴费分分钟搞定！,为您提供免费的查询、缴费、提醒、自动代扣等服务。让您足不出户，享受一站式缴费服务。本服务由支付宝官方提供。
2013090600011110,台州市路桥区电力公司,浙江,从今天起，告别排队，告别等待，查询缴费分分钟搞定！,为您提供免费的查询、缴费、提醒、自动代扣等服务。让您足不出户，享受一站式缴费服务。本服务由支付宝官方提供。
2013090600011110,台州市黄岩电力公司,浙江,从今天起，告别排队，告别等待，查询缴费分分钟搞定！,为您提供免费的查询、缴费、提醒、自动代扣等服务。让您足不出户，享受一站式缴费服务。本服务由支付宝官方提供。
2013090600011360,荆门供电公司,湖北,从今天起，告别排队，告别等待，查询缴费分分钟搞定！,为您提供免费的查询、缴费、提醒、自动代扣等服务。让您足不出户，享受一站式缴费服务。本服务由支付宝官方提供。
2013090600011360,荆州供电公司,湖北,从今天起，告别排队，告别等待，查询缴费分分钟搞定！,为您提供免费的查询、缴费、提醒、自动代扣等服务。让您足不出户，享受一站式缴费服务。本服务由支付宝官方提供。
2013090600011360,黄冈供电公司,湖北,从今天起，告别排队，告别等待，查询缴费分分钟搞定！,为您提供免费的查询、缴费、提醒、自动代扣等服务。让您足不出户，享受一站式缴费服务。本服务由支付宝官方提供。
2013090600011360,黄石供电公司,湖北,从今天起，告别排队，告别等待，查询缴费分分钟搞定！,为您提供免费的查询、缴费、提醒、自动代扣等服务。让您足不出户，享受一站式缴费服务。本服务由支付宝官方提供。
2013090600011360,鄂州供电公司,湖北,从今天起，告别排队，告别等待，查询缴费分分钟搞定！,为您提供免费的查询、缴费、提醒、自动代扣等服务。让您足不出户，享受一站式缴费服务。本服务由支付宝官方提供。
2013090600011360,江苏省电力公司(宿迁),江苏,从今天起，告别排队，告别等待，查询缴费分分钟搞定！,为您提供免费的查询、缴费、提醒、自动代扣等服务。让您足不出户，享受一站式缴费服务。本服务由支付宝官方提供。
2013090600011360,江苏省电力公司(泰州),江苏,从今天起，告别排队，告别等待，查询缴费分分钟搞定！,为您提供免费的查询、缴费、提醒、自动代扣等服务。让您足不出户，享受一站式缴费服务。本服务由支付宝官方提供。
2013090600011360,江苏省电力公司（镇江）,江苏,从今天起，告别排队，告别等待，查询缴费分分钟搞定！,为您提供免费的查询、缴费、提醒、自动代扣等服务。让您足不出户，享受一站式缴费服务。本服务由支付宝官方提供。
2013090600011360,江苏省电力公司（扬州）,江苏,从今天起，告别排队，告别等待，查询缴费分分钟搞定！,为您提供免费的查询、缴费、提醒、自动代扣等服务。让您足不出户，享受一站式缴费服务。本服务由支付宝官方提供。
2013090600011360,江苏省电力公司(盐城),江苏,从今天起，告别排队，告别等待，查询缴费分分钟搞定！,为您提供免费的查询、缴费、提醒、自动代扣等服务。让您足不出户，享受一站式缴费服务。本服务由支付宝官方提供。
2013090600011370,江苏省电力公司(淮安),江苏,从今天起，告别排队，告别等待，查询缴费分分钟搞定！,为您提供免费的查询、缴费、提醒、自动代扣等服务。让您足不出户，享受一站式缴费服务。本服务由支付宝官方提供。
2013090600011370,江苏省电力公司(连云港),江苏,从今天起，告别排队，告别等待，查询缴费分分钟搞定！,为您提供免费的查询、缴费、提醒、自动代扣等服务。让您足不出户，享受一站式缴费服务。本服务由支付宝官方提供。
2013090600011370,江苏省电力公司（南通）,江苏,从今天起，告别排队，告别等待，查询缴费分分钟搞定！,为您提供免费的查询、缴费、提醒、自动代扣等服务。让您足不出户，享受一站式缴费服务。本服务由支付宝官方提供。
2013090600011370,江苏省电力公司(常州),江苏,从今天起，告别排队，告别等待，查询缴费分分钟搞定！,为您提供免费的查询、缴费、提醒、自动代扣等服务。让您足不出户，享受一站式缴费服务。本服务由支付宝官方提供。
2013090600011370,江苏省电力公司(徐州),江苏,从今天起，告别排队，告别等待，查询缴费分分钟搞定！,为您提供免费的查询、缴费、提醒、自动代扣等服务。让您足不出户，享受一站式缴费服务。本服务由支付宝官方提供。
2013090600011370,江苏省电力公司(无锡),江苏,从今天起，告别排队，告别等待，查询缴费分分钟搞定！,为您提供免费的查询、缴费、提醒、自动代扣等服务。让您足不出户，享受一站式缴费服务。本服务由支付宝官方提供。
2013090600011370,江苏省电力公司（南京）,江苏,从今天起，告别排队，告别等待，查询缴费分分钟搞定！,为您提供免费的查询、缴费、提醒、自动代扣等服务。让您足不出户，享受一站式缴费服务。本服务由支付宝官方提供。
2013090600011370,芜湖供电公司,安徽,从今天起，告别排队，告别等待，查询缴费分分钟搞定！,为您提供免费的查询、缴费、提醒、自动代扣等服务。让您足不出户，享受一站式缴费服务。本服务由支付宝官方提供。
2013090600011370,武汉市水务公司,湖北,从今天起，告别排队，告别等待，查询缴费分分钟搞定！,为您提供免费的查询、缴费、提醒、自动代扣等服务。让您足不出户，享受一站式缴费服务。本服务由支付宝官方提供。
2013090600011370,浙江黄岩自来水公司,浙江,从今天起，告别排队，告别等待，查询缴费分分钟搞定！,为您提供免费的查询、缴费、提醒、自动代扣等服务。让您足不出户，享受一站式缴费服务。本服务由支付宝官方提供。
2013090600011380,株洲市自来水有限责任公司,湖南,从今天起，告别排队，告别等待，查询缴费分分钟搞定！,为您提供免费的查询、缴费、提醒、自动代扣等服务。让您足不出户，享受一站式缴费服务。本服务由支付宝官方提供。
2013090600011380,北京市自来水公司,北京,从今天起，告别排队，告别等待，查询缴费分分钟搞定！,为您提供免费的查询、缴费、提醒、自动代扣等服务。让您足不出户，享受一站式缴费服务。本服务由支付宝官方提供。
2013090600010990,中国农业银行储蓄卡,全国,欢迎使用支付宝公众服务！,全新的移动互联网体验，提供储蓄卡转账记录、银行热线、转账汇款等功能，打造随时、随地、随心的银行卡服务体验。
2014010200013710,test_201401021600,,test_2014.01.02.16.00,test_201401021600
2014010200013710,是朕招商银行储蓄卡,全国,欢迎使用支付宝公众服务！,全新的移动互联网体验，提供储蓄卡转账记录、银行热线、转账汇款等功能，打造随时、随地、随心的银行卡服务体验。
2013090600010980,招商银行储蓄卡,全国,欢迎使用支付宝公众服务！,全新的移动互联网体验，提供储蓄卡转账记录、银行热线、转账汇款等功能，打造随时、随地、随心的银行卡服务体验。
2014010200013720,开发测试01,浙江省|杭州市,2,1
2014010200013720,开发测试02,,3,2
2014010300013760,111111,,,
2014010300013770,测试公众号白名单,,您好,测试公众号白名单
2014010300013770,测试公众号白名单普通,,您好,测试公众号白名单
2014010300013780,西瓜公司的公众服务12,,,
2014010600013810,公众号|,,,
2014010600013810,西瓜公司普通类型2222升级为官方,,,
2014010600013810,1.6后台功能回归,,,
2014010600013820,后台数据准备,,,
2014010600013820,后台数据准备11,,,
2014010700013850,测试测试三三333333,,,
2014010700013850,测测是111,,,
2014010700013850,广泛光放官方1234444,,,
2014010700013850,陈胜预发前验证,中国|上海|上海市|浦东新区,陈胜预发前验证,陈胜预发前验证
2013090600011110,台州电业局,浙江,从今天起，告别排队，告别等待，查询缴费分分钟搞定！,为您提供免费的查询、缴费、提醒、自动代扣等服务。让您足不出户，享受一站式缴费服务。本服务由支付宝官方提供。
2013090600011110,嘉兴电力局,浙江,从今天起，告别排队，告别等待，查询缴费分分钟搞定！,为您提供免费的查询、缴费、提醒、自动代扣等服务。让您足不出户，享受一站式缴费服务。本服务由支付宝官方提供。
2013090600011110,嘉兴电力滨海分局,浙江,从今天起，告别排队，告别等待，查询缴费分分钟搞定！,为您提供免费的查询、缴费、提醒、自动代扣等服务。让您足不出户，享受一站式缴费服务。本服务由支付宝官方提供。
2013090600011110,嘉善县供电局,浙江,从今天起，告别排队，告别等待，查询缴费分分钟搞定！,为您提供免费的查询、缴费、提醒、自动代扣等服务。让您足不出户，享受一站式缴费服务。本服务由支付宝官方提供。
2013090600011110,天台县供电公司,浙江,从今天起，告别排队，告别等待，查询缴费分分钟搞定！,为您提供免费的查询、缴费、提醒、自动代扣等服务。让您足不出户，享受一站式缴费服务。本服务由支付宝官方提供。
2013090600011110,奉化市供电局,浙江,从今天起，告别排队，告别等待，查询缴费分分钟搞定！,为您提供免费的查询、缴费、提醒、自动代扣等服务。让您足不出户，享受一站式缴费服务。本服务由支付宝官方提供。
2013090600011110,宁波电业局,浙江,从今天起，告别排队，告别等待，查询缴费分分钟搞定！,为您提供免费的查询、缴费、提醒、自动代扣等服务。让您足不出户，享受一站式缴费服务。本服务由支付宝官方提供。
2013090600011120,宁海供电局,浙江,从今天起，告别排队，告别等待，查询缴费分分钟搞定！,为您提供免费的查询、缴费、提醒、自动代扣等服务。让您足不出户，享受一站式缴费服务。本服务由支付宝官方提供。
2013090600011120,安吉县供电局,浙江,从今天起，告别排队，告别等待，查询缴费分分钟搞定！,为您提供免费的查询、缴费、提醒、自动代扣等服务。让您足不出户，享受一站式缴费服务。本服务由支付宝官方提供。
2013090600011120,岱山县电力公司,浙江,从今天起，告别排队，告别等待，查询缴费分分钟搞定！,为您提供免费的查询、缴费、提醒、自动代扣等服务。让您足不出户，享受一站式缴费服务。本服务由支付宝官方提供。
2013090600011120,嵊州市电力公司,浙江,从今天起，告别排队，告别等待，查询缴费分分钟搞定！,为您提供免费的查询、缴费、提醒、自动代扣等服务。让您足不出户，享受一站式缴费服务。本服务由支付宝官方提供。
2013090600011120,嵊泗县电力公司,浙江,从今天起，告别排队，告别等待，查询缴费分分钟搞定！,为您提供免费的查询、缴费、提醒、自动代扣等服务。让您足不出户，享受一站式缴费服务。本服务由支付宝官方提供。
2013090600011120,常山县供电局,浙江,从今天起，告别排队，告别等待，查询缴费分分钟搞定！,为您提供免费的查询、缴费、提醒、自动代扣等服务。让您足不出户，享受一站式缴费服务。本服务由支付宝官方提供。
2013090600011120,平湖市供电局,浙江,从今天起，告别排队，告别等待，查询缴费分分钟搞定！,为您提供免费的查询、缴费、提醒、自动代扣等服务。让您足不出户，享受一站式缴费服务。本服务由支付宝官方提供。
2013090600011120,平阳县供电局,浙江,从今天起，告别排队，告别等待，查询缴费分分钟搞定！,为您提供免费的查询、缴费、提醒、自动代扣等服务。让您足不出户，享受一站式缴费服务。本服务由支付宝官方提供。
2013090600011120,庆元县供电局,浙江,从今天起，告别排队，告别等待，查询缴费分分钟搞定！,为您提供免费的查询、缴费、提醒、自动代扣等服务。让您足不出户，享受一站式缴费服务。本服务由支付宝官方提供。
2013090600011120,开化县供电局,浙江,从今天起，告别排队，告别等待，查询缴费分分钟搞定！,为您提供免费的查询、缴费、提醒、自动代扣等服务。让您足不出户，享受一站式缴费服务。本服务由支付宝官方提供。
2013090600011130,德清县供电局,浙江,从今天起，告别排队，告别等待，查询缴费分分钟搞定！,为您提供免费的查询、缴费、提醒、自动代扣等服务。让您足不出户，享受一站式缴费服务。本服务由支付宝官方提供。
2013090600011130,慈溪市供电局,浙江,从今天起，告别排队，告别等待，查询缴费分分钟搞定！,为您提供免费的查询、缴费、提醒、自动代扣等服务。让您足不出户，享受一站式缴费服务。本服务由支付宝官方提供。
2013090600011130,文成县电业局,浙江,从今天起，告别排队，告别等待，查询缴费分分钟搞定！,为您提供免费的查询、缴费、提醒、自动代扣等服务。让您足不出户，享受一站式缴费服务。本服务由支付宝官方提供。
2013090600011130,新昌电力公司,浙江,从今天起，告别排队，告别等待，查询缴费分分钟搞定！,为您提供免费的查询、缴费、提醒、自动代扣等服务。让您足不出户，享受一站式缴费服务。本服务由支付宝官方提供。
2013090600011130,景宁畲族自治县电力公司,浙江,从今天起，告别排队，告别等待，查询缴费分分钟搞定！,为您提供免费的查询、缴费、提醒、自动代扣等服务。让您足不出户，享受一站式缴费服务。本服务由支付宝官方提供。
2013090600011380,吉林市自来水公司,吉林,从今天起，告别排队，告别等待，查询缴费分分钟搞定！,为您提供免费的查询、缴费、提醒、自动代扣等服务。让您足不出户，享受一站式缴费服务。本服务由支付宝官方提供。
2013090600011390,岳阳市自来水公司,湖南,从今天起，告别排队，告别等待，查询缴费分分钟搞定！,为您提供免费的查询、缴费、提醒、自动代扣等服务。让您足不出户，享受一站式缴费服务。本服务由支付宝官方提供。
2013090600011390,栾川县自来水公司,河南,从今天起，告别排队，告别等待，查询缴费分分钟搞定！,为您提供免费的查询、缴费、提醒、自动代扣等服务。让您足不出户，享受一站式缴费服务。本服务由支付宝官方提供。
2013090600011390,洛阳北控水务集团有限公司,河南,从今天起，告别排队，告别等待，查询缴费分分钟搞定！,为您提供免费的查询、缴费、提醒、自动代扣等服务。让您足不出户，享受一站式缴费服务。本服务由支付宝官方提供。
2013090600011390,淮南市自来水公司,安徽,从今天起，告别排队，告别等待，查询缴费分分钟搞定！,为您提供免费的查询、缴费、提醒、自动代扣等服务。让您足不出户，享受一站式缴费服务。本服务由支付宝官方提供。
2013090600011390,石家庄自来水公司,河北,从今天起，告别排队，告别等待，查询缴费分分钟搞定！,为您提供免费的查询、缴费、提醒、自动代扣等服务。让您足不出户，享受一站式缴费服务。本服务由支付宝官方提供。
2013090600011390,郑州自来水投资控股有限公司,河南,从今天起，告别排队，告别等待，查询缴费分分钟搞定！,为您提供免费的查询、缴费、提醒、自动代扣等服务。让您足不出户，享受一站式缴费服务。本服务由支付宝官方提供。
2013090600011390,鞍山市自来水公司,辽宁,从今天起，告别排队，告别等待，查询缴费分分钟搞定！,为您提供免费的查询、缴费、提醒、自动代扣等服务。让您足不出户，享受一站式缴费服务。本服务由支付宝官方提供。
2013090600011390,首创水务有限责任公司,江苏,从今天起，告别排队，告别等待，查询缴费分分钟搞定！,为您提供免费的查询、缴费、提醒、自动代扣等服务。让您足不出户，享受一站式缴费服务。本服务由支付宝官方提供。
2013090600011390,兰溪自来水公司,浙江,从今天起，告别排队，告别等待，查询缴费分分钟搞定！,为您提供免费的查询、缴费、提醒、自动代扣等服务。让您足不出户，享受一站式缴费服务。本服务由支付宝官方提供。
2013090600011390,椒江自来水公司,浙江,从今天起，告别排队，告别等待，查询缴费分分钟搞定！,为您提供免费的查询、缴费、提醒、自动代扣等服务。让您足不出户，享受一站式缴费服务。本服务由支付宝官方提供。
2013090600011400,永嘉瓯北自来水厂,浙江,从今天起，告别排队，告别等待，查询缴费分分钟搞定！,为您提供免费的查询、缴费、提醒、自动代扣等服务。让您足不出户，享受一站式缴费服务。本服务由支付宝官方提供。
2013090600011400,洞头水务有限公司,浙江,从今天起，告别排队，告别等待，查询缴费分分钟搞定！,为您提供免费的查询、缴费、提醒、自动代扣等服务。让您足不出户，享受一站式缴费服务。本服务由支付宝官方提供。
2013090600011400,路桥自来水公司,浙江,从今天起，告别排队，告别等待，查询缴费分分钟搞定！,为您提供免费的查询、缴费、提醒、自动代扣等服务。让您足不出户，享受一站式缴费服务。本服务由支付宝官方提供。
2013090600011400,东阳自来水公司,浙江,从今天起，告别排队，告别等待，查询缴费分分钟搞定！,为您提供免费的查询、缴费、提醒、自动代扣等服务。让您足不出户，享受一站式缴费服务。本服务由支付宝官方提供。
2013090600011400,义乌自来水公司,浙江,从今天起，告别排队，告别等待，查询缴费分分钟搞定！,为您提供免费的查询、缴费、提醒、自动代扣等服务。让您足不出户，享受一站式缴费服务。本服务由支付宝官方提供。
2013090600011400,嘉兴市嘉源给排水有限公司,浙江,从今天起，告别排队，告别等待，查询缴费分分钟搞定！,为您提供免费的查询、缴费、提醒、自动代扣等服务。让您足不出户，享受一站式缴费服务。本服务由支付宝官方提供。
2013090600011400,金华自来水公司,浙江,从今天起，告别排队，告别等待，查询缴费分分钟搞定！,为您提供免费的查询、缴费、提醒、自动代扣等服务。让您足不出户，享受一站式缴费服务。本服务由支付宝官方提供。
2013090600011400,东石自来水公司,福建,从今天起，告别排队，告别等待，查询缴费分分钟搞定！,为您提供免费的查询、缴费、提醒、自动代扣等服务。让您足不出户，享受一站式缴费服务。本服务由支付宝官方提供。
2013090600011400,安海自来水公司,福建,从今天起，告别排队，告别等待，查询缴费分分钟搞定！,为您提供免费的查询、缴费、提醒、自动代扣等服务。让您足不出户，享受一站式缴费服务。本服务由支付宝官方提供。
2013090600011400,泉州市自来水公司,福建,从今天起，告别排队，告别等待，查询缴费分分钟搞定！,为您提供免费的查询、缴费、提醒、自动代扣等服务。让您足不出户，享受一站式缴费服务。本服务由支付宝官方提供。
2013090600011410,石狮自来水公司,福建,从今天起，告别排队，告别等待，查询缴费分分钟搞定！,为您提供免费的查询、缴费、提醒、自动代扣等服务。让您足不出户，享受一站式缴费服务。本服务由支付宝官方提供。
2014010700013860,陈胜预发前验证！！,中国|上海|上海市|浦东新区,陈胜预发前验证,陈胜预发前验证
2014010800013890,test111,,,
2014010800013890,123456-两个产品,,,
2014010800013890,测试普通服务-升级到付安防,,,
2014010900013910,1月9号创建公众号默认关注非白名单,,,1月9号创建公众号默认关注非白名单
2014010900013910,1月9号创建公众号非默认关注非白名单,,,1月9号创建公众号非默认关注非白名单
2014010900013910,公众-开发者模式01,,2,1
2014010900013910,公众-开发者模式02,,2,1
2014011000013940,公众-开发者模式03,,2,1
2014011000013970,sit1公众服务,中国,111111,111
2014011000013970,sit2公众,,,
2014011000013970,sit3公众,中国,都是发的撒,地方撒旦法第三方
2014011000013970,sit4公众,,,
2014011000013970,sit5,,,
2014011000013970,sit6公众,,,
2014011000013970,sit7公众,,,
2014011000013970,关度测试,,,
2014011000013970,营销CRM,,欢迎广宁,服务
2014011000013980,申莉红CRM,,,
2014011000013980,徐艳忠测试,,,
2014011000013980,周黑鸭,,,
2014011000013980,红妹子CRM,,,
2014011000013980,纲试卷时间地,,,
2014011000013990,灌灌灌灌灌是,,,
2014011000013990,朱卉CRM3,,,
2014011100014000,紫言测试三,,紫言迭代二,紫言的迭代二
2014011100014010,徐祖秋,,,
2014011100014010,波动一,,,
2014011100014010,cch的消费送,,mmmmmmmmmmm,asdasd
2014011100014010,薛奕测试,,,
2013090600011130,松阳县供电局,浙江,从今天起，告别排队，告别等待，查询缴费分分钟搞定！,为您提供免费的查询、缴费、提醒、自动代扣等服务。让您足不出户，享受一站式缴费服务。本服务由支付宝官方提供。
2013090600011130,桐乡市供电局,浙江,从今天起，告别排队，告别等待，查询缴费分分钟搞定！,为您提供免费的查询、缴费、提醒、自动代扣等服务。让您足不出户，享受一站式缴费服务。本服务由支付宝官方提供。
2013090600011130,武义县供电局,浙江,从今天起，告别排队，告别等待，查询缴费分分钟搞定！,为您提供免费的查询、缴费、提醒、自动代扣等服务。让您足不出户，享受一站式缴费服务。本服务由支付宝官方提供。
2013090600011130,永嘉县电业局,浙江,从今天起，告别排队，告别等待，查询缴费分分钟搞定！,为您提供免费的查询、缴费、提醒、自动代扣等服务。让您足不出户，享受一站式缴费服务。本服务由支付宝官方提供。
2013090600011130,永康市供电局,浙江,从今天起，告别排队，告别等待，查询缴费分分钟搞定！,为您提供免费的查询、缴费、提醒、自动代扣等服务。让您足不出户，享受一站式缴费服务。本服务由支付宝官方提供。
2013090600011140,江山市供电局,浙江,从今天起，告别排队，告别等待，查询缴费分分钟搞定！,为您提供免费的查询、缴费、提醒、自动代扣等服务。让您足不出户，享受一站式缴费服务。本服务由支付宝官方提供。
2013090600011140,泰顺县供电局,浙江,从今天起，告别排队，告别等待，查询缴费分分钟搞定！,为您提供免费的查询、缴费、提醒、自动代扣等服务。让您足不出户，享受一站式缴费服务。本服务由支付宝官方提供。
2013090600011140,洞头县供电局,浙江,从今天起，告别排队，告别等待，查询缴费分分钟搞定！,为您提供免费的查询、缴费、提醒、自动代扣等服务。让您足不出户，享受一站式缴费服务。本服务由支付宝官方提供。
2013090600011140,浦江县供电局,浙江,从今天起，告别排队，告别等待，查询缴费分分钟搞定！,为您提供免费的查询、缴费、提醒、自动代扣等服务。让您足不出户，享受一站式缴费服务。本服务由支付宝官方提供。
2013090600011140,海宁市供电局,浙江,从今天起，告别排队，告别等待，查询缴费分分钟搞定！,为您提供免费的查询、缴费、提醒、自动代扣等服务。让您足不出户，享受一站式缴费服务。本服务由支付宝官方提供。
2013090600011140,海盐县供电局,浙江,从今天起，告别排队，告别等待，查询缴费分分钟搞定！,为您提供免费的查询、缴费、提醒、自动代扣等服务。让您足不出户，享受一站式缴费服务。本服务由支付宝官方提供。
2013090600011140,温岭市电力公司,浙江,从今天起，告别排队，告别等待，查询缴费分分钟搞定！,为您提供免费的查询、缴费、提醒、自动代扣等服务。让您足不出户，享受一站式缴费服务。本服务由支付宝官方提供。
2013090600011140,温州电力局,浙江,从今天起，告别排队，告别等待，查询缴费分分钟搞定！,为您提供免费的查询、缴费、提醒、自动代扣等服务。让您足不出户，享受一站式缴费服务。本服务由支付宝官方提供。
2013090600011140,湖州电力局,浙江,从今天起，告别排队，告别等待，查询缴费分分钟搞定！,为您提供免费的查询、缴费、提醒、自动代扣等服务。让您足不出户，享受一站式缴费服务。本服务由支付宝官方提供。
2013090600011140,玉环县电力公司,浙江,从今天起，告别排队，告别等待，查询缴费分分钟搞定！,为您提供免费的查询、缴费、提醒、自动代扣等服务。让您足不出户，享受一站式缴费服务。本服务由支付宝官方提供。
2013090600011150,瑞安市供电局,浙江,从今天起，告别排队，告别等待，查询缴费分分钟搞定！,为您提供免费的查询、缴费、提醒、自动代扣等服务。让您足不出户，享受一站式缴费服务。本服务由支付宝官方提供。
2013090600011150,磐安县供电局,浙江,从今天起，告别排队，告别等待，查询缴费分分钟搞定！,为您提供免费的查询、缴费、提醒、自动代扣等服务。让您足不出户，享受一站式缴费服务。本服务由支付宝官方提供。
2013090600011150,绍兴电力局,浙江,从今天起，告别排队，告别等待，查询缴费分分钟搞定！,为您提供免费的查询、缴费、提醒、自动代扣等服务。让您足不出户，享受一站式缴费服务。本服务由支付宝官方提供。
2013090600011150,绍兴电力柯桥供电分局,浙江,从今天起，告别排队，告别等待，查询缴费分分钟搞定！,为您提供免费的查询、缴费、提醒、自动代扣等服务。让您足不出户，享受一站式缴费服务。本服务由支付宝官方提供。
2013090600011150,缙云县电力公司,浙江,从今天起，告别排队，告别等待，查询缴费分分钟搞定！,为您提供免费的查询、缴费、提醒、自动代扣等服务。让您足不出户，享受一站式缴费服务。本服务由支付宝官方提供。
2013090600011150,舟山电力局,浙江,从今天起，告别排队，告别等待，查询缴费分分钟搞定！,为您提供免费的查询、缴费、提醒、自动代扣等服务。让您足不出户，享受一站式缴费服务。本服务由支付宝官方提供。
2013090600011150,苍南县供电局,浙江,从今天起，告别排队，告别等待，查询缴费分分钟搞定！,为您提供免费的查询、缴费、提醒、自动代扣等服务。让您足不出户，享受一站式缴费服务。本服务由支付宝官方提供。
2013090600011410,莆田市自来水公司,福建,从今天起，告别排队，告别等待，查询缴费分分钟搞定！,为您提供免费的查询、缴费、提醒、自动代扣等服务。让您足不出户，享受一站式缴费服务。本服务由支付宝官方提供。
2013090600011410,金浦水厂,福建,从今天起，告别排队，告别等待，查询缴费分分钟搞定！,为您提供免费的查询、缴费、提醒、自动代扣等服务。让您足不出户，享受一站式缴费服务。本服务由支付宝官方提供。
2013090600011410,安徽省供水集团,安徽,从今天起，告别排队，告别等待，查询缴费分分钟搞定！,为您提供免费的查询、缴费、提醒、自动代扣等服务。让您足不出户，享受一站式缴费服务。本服务由支付宝官方提供。
2013090600011410,成都市自来水公司,四川,从今天起，告别排队，告别等待，查询缴费分分钟搞定！,为您提供免费的查询、缴费、提醒、自动代扣等服务。让您足不出户，享受一站式缴费服务。本服务由支付宝官方提供。
2013090600011410,杭州余杭水务有限公司,浙江,从今天起，告别排队，告别等待，查询缴费分分钟搞定！,为您提供免费的查询、缴费、提醒、自动代扣等服务。让您足不出户，享受一站式缴费服务。本服务由支付宝官方提供。
2013090600011410,杭州富阳市水务有限公司,浙江,从今天起，告别排队，告别等待，查询缴费分分钟搞定！,为您提供免费的查询、缴费、提醒、自动代扣等服务。让您足不出户，享受一站式缴费服务。本服务由支付宝官方提供。
2013090600011410,杭州萧山供水有限公司,浙江,从今天起，告别排队，告别等待，查询缴费分分钟搞定！,为您提供免费的查询、缴费、提醒、自动代扣等服务。让您足不出户，享受一站式缴费服务。本服务由支付宝官方提供。
2013090600011410,南通市区自来水,江苏,从今天起，告别排队，告别等待，查询缴费分分钟搞定！,为您提供免费的查询、缴费、提醒、自动代扣等服务。让您足不出户，享受一站式缴费服务。本服务由支付宝官方提供。
2013090600011410,宿迁银控自来水有限公司,江苏,从今天起，告别排队，告别等待，查询缴费分分钟搞定！,为您提供免费的查询、缴费、提醒、自动代扣等服务。让您足不出户，享受一站式缴费服务。本服务由支付宝官方提供。
2013090600011420,常州武进自来水,江苏,从今天起，告别排队，告别等待，查询缴费分分钟搞定！,为您提供免费的查询、缴费、提醒、自动代扣等服务。让您足不出户，享受一站式缴费服务。本服务由支付宝官方提供。
2013090600011420,徐州康宏供水有限责任公司（铜山县）,江苏,从今天起，告别排队，告别等待，查询缴费分分钟搞定！,为您提供免费的查询、缴费、提醒、自动代扣等服务。让您足不出户，享受一站式缴费服务。本服务由支付宝官方提供。
2013090600011420,扬州市自来水公司,江苏,从今天起，告别排队，告别等待，查询缴费分分钟搞定！,为您提供免费的查询、缴费、提醒、自动代扣等服务。让您足不出户，享受一站式缴费服务。本服务由支付宝官方提供。
2013090600011420,泰州水费,江苏,从今天起，告别排队，告别等待，查询缴费分分钟搞定！,为您提供免费的查询、缴费、提醒、自动代扣等服务。让您足不出户，享受一站式缴费服务。本服务由支付宝官方提供。
2013090600011420,盐城市自来水公司,江苏,从今天起，告别排队，告别等待，查询缴费分分钟搞定！,为您提供免费的查询、缴费、提醒、自动代扣等服务。让您足不出户，享受一站式缴费服务。本服务由支付宝官方提供。
2013090600011420,连云港市自来水,江苏,从今天起，告别排队，告别等待，查询缴费分分钟搞定！,为您提供免费的查询、缴费、提醒、自动代扣等服务。让您足不出户，享受一站式缴费服务。本服务由支付宝官方提供。
2013090600011420,上海市自来水奉贤有限公司,上海,从今天起，告别排队，告别等待，查询缴费分分钟搞定！,为您提供免费的查询、缴费、提醒、自动代扣等服务。让您足不出户，享受一站式缴费服务。本服务由支付宝官方提供。
2013090600011420,上海市自来水市南有限公司(户号),上海,从今天起，告别排队，告别等待，查询缴费分分钟搞定！,为您提供免费的查询、缴费、提醒、自动代扣等服务。让您足不出户，享受一站式缴费服务。本服务由支付宝官方提供。
2013090600011420,上海浦东新区自来水有限公司(户号),上海,从今天起，告别排队，告别等待，查询缴费分分钟搞定！,为您提供免费的查询、缴费、提醒、自动代扣等服务。让您足不出户，享受一站式缴费服务。本服务由支付宝官方提供。
2013090600011420,上海石油化工股份有限公司水务公司(户号),上海,从今天起，告别排队，告别等待，查询缴费分分钟搞定！,为您提供免费的查询、缴费、提醒、自动代扣等服务。让您足不出户，享受一站式缴费服务。本服务由支付宝官方提供。
2013090600011430,珠海自来水费,广东,从今天起，告别排队，告别等待，查询缴费分分钟搞定！,为您提供免费的查询、缴费、提醒、自动代扣等服务。让您足不出户，享受一站式缴费服务。本服务由支付宝官方提供。
2013090600011430,杭州市水业集团有限公司,浙江,从今天起，告别排队，告别等待，查询缴费分分钟搞定！,为您提供免费的查询、缴费、提醒、自动代扣等服务。让您足不出户，享受一站式缴费服务。本服务由支付宝官方提供。
2013090600011430,杭州滨江水务公司,浙江,从今天起，告别排队，告别等待，查询缴费分分钟搞定！,为您提供免费的查询、缴费、提醒、自动代扣等服务。让您足不出户，享受一站式缴费服务。本服务由支付宝官方提供。
2014011300014040,公众-开发者模式05,,,
2014011300014060,公众-开发者模式07,,,
2014011300014080,年会SIT公众号,,欢迎参加年会，活动多多，奖品多多，大家一起happy吧！,"欢迎参加年会，活动多多，奖品多多，大家一起happy吧！
欢迎参加年会，活动多多，奖品多多，大家一起happy吧！
欢迎参加年会，活动多多，奖品多多，大家一起happy吧！"
2014011300014080,公众-开发者模式08,,,
2014011300014100,麻袋,,,
2014011300014100,马岱,,,
2014011300014110,溪溪公主,中国,"<?xml version=""1.0"" encoding=""gbk""?>
<XML>
  <ToUserId></ToUserId>
  <AgreementId></AgreementId>
  <AppId><![CDATA[2014011300014110]]></AppId>
  <GroupId></GroupId>
  <CreateTime><![CDATA[1389602029000]]></CreateTime>
  <MsgType><![CDATA[image-text]]></MsgType>
  <ArticleCount><![CDATA[2]]></ArticleCount>
  <Articles>
    <Item>
      <Title><![CDATA[weijin]]></Title>
      <Desc><![CDATA[违禁]]></Desc>
      <ImageUrl><![CDATA[http://pic.alipayobjects.com/e/201401/1sQiCWeLDp.png_[pixelWidth]x.png]]></ImageUrl>
      <Url><![CDATA[http://www.ccn.com.cn/]]></Url>
      <ActionName></ActionName>
    </Item>
    <Item>
      <Title><![CDATA[2332]]></Title>
      <Desc></Desc>
      <ImageUrl><![CDATA[http://pic.alipayobjects.com/e/201401/1sQavsOG9t.jpg_[pixelWidth]x.jpg]]></ImageUrl>
      <Url><![CDATA[http://啊啊啊]]></Url>
      <ActionName></ActionName>
    </Item>
  </Articles>
  <Push><![CDATA[true]]></Push>
</XML>",
2014011300014110,MEIDAITESTING,,欢迎来测试,很多很多服务， 随便是肯定积分肯定飞
2014011300014110,如来佛祖,,,
2014011300014120,核心测试,,,
2014011300014140,12121,,123,123123
2014011400014160,sit6关联公众号,,,"测试
顶顶顶顶顶大
好运啊"
2014010300013760,创建公众号8888,,测试悲剧,
2014011400014160,季东策子账号,,,
2014011400014180,爱咖啡,,欢迎光临爱咖啡,爱咖啡
2014011500014200,照无眠,,,
2014011600014230,菠菜CRM,,,
2014011600014230,雅雅testcrm,,,
2014011700014260,公众-开发者模式09,,,
2014011700014260,公众-开发者模式10,,,
2014011700014270,公众-开发者模式11,1,1,1
2014011700014270,线下商户12345升级,,,
2013090600011150,莲都供电局,浙江,从今天起，告别排队，告别等待，查询缴费分分钟搞定！,为您提供免费的查询、缴费、提醒、自动代扣等服务。让您足不出户，享受一站式缴费服务。本服务由支付宝官方提供。
2013090600011150,衢州电力局,浙江,从今天起，告别排队，告别等待，查询缴费分分钟搞定！,为您提供免费的查询、缴费、提醒、自动代扣等服务。让您足不出户，享受一站式缴费服务。本服务由支付宝官方提供。
2013090600011150,诸暨市供电局,浙江,从今天起，告别排队，告别等待，查询缴费分分钟搞定！,为您提供免费的查询、缴费、提醒、自动代扣等服务。让您足不出户，享受一站式缴费服务。本服务由支付宝官方提供。
2013090600011160,象山供电局,浙江,从今天起，告别排队，告别等待，查询缴费分分钟搞定！,为您提供免费的查询、缴费、提醒、自动代扣等服务。让您足不出户，享受一站式缴费服务。本服务由支付宝官方提供。
2013090600011160,遂昌县电力工业局,浙江,从今天起，告别排队，告别等待，查询缴费分分钟搞定！,为您提供免费的查询、缴费、提醒、自动代扣等服务。让您足不出户，享受一站式缴费服务。本服务由支付宝官方提供。
2013090600011160,鄞州供电局,浙江,从今天起，告别排队，告别等待，查询缴费分分钟搞定！,为您提供免费的查询、缴费、提醒、自动代扣等服务。让您足不出户，享受一站式缴费服务。本服务由支付宝官方提供。
2013090600011160,金华电业局,浙江,从今天起，告别排队，告别等待，查询缴费分分钟搞定！,为您提供免费的查询、缴费、提醒、自动代扣等服务。让您足不出户，享受一站式缴费服务。本服务由支付宝官方提供。
2013090600011160,长兴县供电局,浙江,从今天起，告别排队，告别等待，查询缴费分分钟搞定！,为您提供免费的查询、缴费、提醒、自动代扣等服务。让您足不出户，享受一站式缴费服务。本服务由支付宝官方提供。
2013090600011160,青田县电力公司,浙江,从今天起，告别排队，告别等待，查询缴费分分钟搞定！,为您提供免费的查询、缴费、提醒、自动代扣等服务。让您足不出户，享受一站式缴费服务。本服务由支付宝官方提供。
2013090600011160,龙泉市电力公司,浙江,从今天起，告别排队，告别等待，查询缴费分分钟搞定！,为您提供免费的查询、缴费、提醒、自动代扣等服务。让您足不出户，享受一站式缴费服务。本服务由支付宝官方提供。
2013090600011160,龙游县供电局,浙江,从今天起，告别排队，告别等待，查询缴费分分钟搞定！,为您提供免费的查询、缴费、提醒、自动代扣等服务。让您足不出户，享受一站式缴费服务。本服务由支付宝官方提供。
2013090600011160,青岛市电业局,山东,从今天起，告别排队，告别等待，查询缴费分分钟搞定！,为您提供免费的查询、缴费、提醒、自动代扣等服务。让您足不出户，享受一站式缴费服务。本服务由支付宝官方提供。
2013090600011160,吉林省电力公司(延边州),吉林,从今天起，告别排队，告别等待，查询缴费分分钟搞定！,为您提供免费的查询、缴费、提醒、自动代扣等服务。让您足不出户，享受一站式缴费服务。本服务由支付宝官方提供。
2013090600011170,吉林省电力公司（吉林市）,吉林,从今天起，告别排队，告别等待，查询缴费分分钟搞定！,为您提供免费的查询、缴费、提醒、自动代扣等服务。让您足不出户，享受一站式缴费服务。本服务由支付宝官方提供。
2013090600011170,吉林省电力公司（四平市）,吉林,从今天起，告别排队，告别等待，查询缴费分分钟搞定！,为您提供免费的查询、缴费、提醒、自动代扣等服务。让您足不出户，享受一站式缴费服务。本服务由支付宝官方提供。
2013090600011170,吉林省电力公司（松原市）,吉林,从今天起，告别排队，告别等待，查询缴费分分钟搞定！,为您提供免费的查询、缴费、提醒、自动代扣等服务。让您足不出户，享受一站式缴费服务。本服务由支付宝官方提供。
2013090600011170,吉林省电力公司（白城市）,吉林,从今天起，告别排队，告别等待，查询缴费分分钟搞定！,为您提供免费的查询、缴费、提醒、自动代扣等服务。让您足不出户，享受一站式缴费服务。本服务由支付宝官方提供。
2013090600011170,吉林省电力公司（白山市）,吉林,从今天起，告别排队，告别等待，查询缴费分分钟搞定！,为您提供免费的查询、缴费、提醒、自动代扣等服务。让您足不出户，享受一站式缴费服务。本服务由支付宝官方提供。
2013090600011170,吉林省电力公司（辽源市）,吉林,从今天起，告别排队，告别等待，查询缴费分分钟搞定！,为您提供免费的查询、缴费、提醒、自动代扣等服务。让您足不出户，享受一站式缴费服务。本服务由支付宝官方提供。
2013090600011170,吉林省电力公司（通化市）,吉林,从今天起，告别排队，告别等待，查询缴费分分钟搞定！,为您提供免费的查询、缴费、提醒、自动代扣等服务。让您足不出户，享受一站式缴费服务。本服务由支付宝官方提供。
2013090600011170,河南电力有限公司（商丘）,河南,从今天起，告别排队，告别等待，查询缴费分分钟搞定！,为您提供免费的查询、缴费、提醒、自动代扣等服务。让您足不出户，享受一站式缴费服务。本服务由支付宝官方提供。
2013090600011170,河南电力有限公司（三门峡）,河南,从今天起，告别排队，告别等待，查询缴费分分钟搞定！,为您提供免费的查询、缴费、提醒、自动代扣等服务。让您足不出户，享受一站式缴费服务。本服务由支付宝官方提供。
2013090600011430,上海叶榭自来水有限公司,上海,从今天起，告别排队，告别等待，查询缴费分分钟搞定！,为您提供免费的查询、缴费、提醒、自动代扣等服务。让您足不出户，享受一站式缴费服务。本服务由支付宝官方提供。
2013090600011430,上海崇明自来水有限公司,上海,从今天起，告别排队，告别等待，查询缴费分分钟搞定！,为您提供免费的查询、缴费、提醒、自动代扣等服务。让您足不出户，享受一站式缴费服务。本服务由支付宝官方提供。
2013090600011430,上海市松江自来水公司,上海,从今天起，告别排队，告别等待，查询缴费分分钟搞定！,为您提供免费的查询、缴费、提醒、自动代扣等服务。让您足不出户，享受一站式缴费服务。本服务由支付宝官方提供。
2013090600011430,上海石油化工股份有限公司水务公司,上海,从今天起，告别排队，告别等待，查询缴费分分钟搞定！,为您提供免费的查询、缴费、提醒、自动代扣等服务。让您足不出户，享受一站式缴费服务。本服务由支付宝官方提供。
2013090600011430,上海青浦自来水有限公司,上海,从今天起，告别排队，告别等待，查询缴费分分钟搞定！,为您提供免费的查询、缴费、提醒、自动代扣等服务。让您足不出户，享受一站式缴费服务。本服务由支付宝官方提供。
2013090600011430,嘉定区黄渡自来水厂(条形码),上海,从今天起，告别排队，告别等待，查询缴费分分钟搞定！,为您提供免费的查询、缴费、提醒、自动代扣等服务。让您足不出户，享受一站式缴费服务。本服务由支付宝官方提供。
2013090600011430,上海南汇自来水有限公司,上海,从今天起，告别排队，告别等待，查询缴费分分钟搞定！,为您提供免费的查询、缴费、提醒、自动代扣等服务。让您足不出户，享受一站式缴费服务。本服务由支付宝官方提供。
2013090600011440,上海市嘉定自来水公司,上海,从今天起，告别排队，告别等待，查询缴费分分钟搞定！,为您提供免费的查询、缴费、提醒、自动代扣等服务。让您足不出户，享受一站式缴费服务。本服务由支付宝官方提供。
2013090600011440,上海市自来水市北有限公司,上海,从今天起，告别排队，告别等待，查询缴费分分钟搞定！,为您提供免费的查询、缴费、提醒、自动代扣等服务。让您足不出户，享受一站式缴费服务。本服务由支付宝官方提供。
2013090600011440,上海市自来水市北有限公司营业所(条形码),上海,从今天起，告别排队，告别等待，查询缴费分分钟搞定！,为您提供免费的查询、缴费、提醒、自动代扣等服务。让您足不出户，享受一站式缴费服务。本服务由支付宝官方提供。
2013090600011440,上海市自来水市南有限公司,上海,从今天起，告别排队，告别等待，查询缴费分分钟搞定！,为您提供免费的查询、缴费、提醒、自动代扣等服务。让您足不出户，享受一站式缴费服务。本服务由支付宝官方提供。
2013090600011440,上海市自来水闵行有限公司,上海,从今天起，告别排队，告别等待，查询缴费分分钟搞定！,为您提供免费的查询、缴费、提醒、自动代扣等服务。让您足不出户，享受一站式缴费服务。本服务由支付宝官方提供。
2013090600011440,上海市自来水闵行有限公司(条形码),上海,从今天起，告别排队，告别等待，查询缴费分分钟搞定！,为您提供免费的查询、缴费、提醒、自动代扣等服务。让您足不出户，享受一站式缴费服务。本服务由支付宝官方提供。
2013090600011440,上海浦东威立雅自来水有限公司(条形码),上海,从今天起，告别排队，告别等待，查询缴费分分钟搞定！,为您提供免费的查询、缴费、提醒、自动代扣等服务。让您足不出户，享受一站式缴费服务。本服务由支付宝官方提供。
2013090600011440,上海浦东新区自来水有限公司,上海,从今天起，告别排队，告别等待，查询缴费分分钟搞定！,为您提供免费的查询、缴费、提醒、自动代扣等服务。让您足不出户，享受一站式缴费服务。本服务由支付宝官方提供。
2013090600011440,上海金山自来水有限公司,上海,从今天起，告别排队，告别等待，查询缴费分分钟搞定！,为您提供免费的查询、缴费、提醒、自动代扣等服务。让您足不出户，享受一站式缴费服务。本服务由支付宝官方提供。
2013090600011440,温州水务集团,浙江,从今天起，告别排队，告别等待，查询缴费分分钟搞定！,为您提供免费的查询、缴费、提醒、自动代扣等服务。让您足不出户，享受一站式缴费服务。本服务由支付宝官方提供。
2013090600011450,福州市自来水公司,福建,从今天起，告别排队，告别等待，查询缴费分分钟搞定！,为您提供免费的查询、缴费、提醒、自动代扣等服务。让您足不出户，享受一站式缴费服务。本服务由支付宝官方提供。
2013090600011450,昆明通用水务自来水有限公司,云南,从今天起，告别排队，告别等待，查询缴费分分钟搞定！,为您提供免费的查询、缴费、提醒、自动代扣等服务。让您足不出户，享受一站式缴费服务。本服务由支付宝官方提供。
2013090600011450,信阳市供水集团有限公司,河南,从今天起，告别排队，告别等待，查询缴费分分钟搞定！,为您提供免费的查询、缴费、提醒、自动代扣等服务。让您足不出户，享受一站式缴费服务。本服务由支付宝官方提供。
2013090600011450,广西绿城水务股份有限公司,广西,从今天起，告别排队，告别等待，查询缴费分分钟搞定！,为您提供免费的查询、缴费、提醒、自动代扣等服务。让您足不出户，享受一站式缴费服务。本服务由支付宝官方提供。
2013090600011450,重庆市合川自来水有限责任,重庆,从今天起，告别排队，告别等待，查询缴费分分钟搞定！,为您提供免费的查询、缴费、提醒、自动代扣等服务。让您足不出户，享受一站式缴费服务。本服务由支付宝官方提供。
2014011700014270,cch的测试帐号,,,
2014011700014270,商户照无眠01,,,
2014011700014270,张勇测试,,,
2014011700014270,欧鹏小弟弟,,,
2014011700014270,欧鹏公众服务,,,
2014012000014340,测试核销,,,
2014012000014340,绵绵A,,,
2014012000014350,测试核销子,,,
2014012000014350,测试2014-01-20,,,
2013122100013430,风刀1,全国,"<?xml version=""1.0"" encoding=""gbk""?>
<XML>
  <ToUserId></ToUserId>
  <AgreementId></AgreementId>
  <AppId><![CDATA[2013122100013431]]></AppId>
  <GroupId></GroupId>
  <CreateTime><![CDATA[1390190248000]]></CreateTime>
  <MsgType><![CDATA[image-text]]></MsgType>
  <ArticleCount><![CDATA[2]]></ArticleCount>
  <Articles>
    <Item>
      <Title><![CDATA[1]]></Title>
      <Desc><![CDATA[1]]></Desc>
      <ImageUrl><![CDATA[http://pic.alipayobjects.com/e/201401/1v7bbr5wGz.jpg_[pixelWidth]x.jpg]]></ImageUrl>
      <Url><![CDATA[http://tfs.stable.alipay.net/images/partner/T1jpxXXo4XXXbMsGbX.html]]></Url>
      <ActionName></ActionName>
    </Item>
    <Item>
      <Title><![CDATA[2]]></Title>
      <Desc></Desc>
      <ImageUrl><![CDATA[http://pic.alipayobjects.com/e/201401/1v7iEMIWSD.png_[pixelWidth]x.png]]></ImageUrl>
      <Url><![CDATA[http://tfs.stable.alipay.net/images/partner/T1iVxXXXhaXXbMsGbX.html]]></Url>
      <ActionName></ActionName>
    </Item>
  </Articles>
  <Push><![CDATA[true]]></Push>
</XML>",风刀1的服务简介
2014012000014350,Orson,,,
2014012000014350,绵绵B,,,
2014012000014350,CRM加资金,,,
2014012100014360,CRM测试专用11,,,
2014012100014360,公司账户,,,
2014012100014370,个人限额,,,
2014012100014370,绵绵C,,,
2014012100014370,公司限额,,,
2014012100014370,雅雅testcrm二号,,,
2014012200014400,国际汇款,,,
2014012200014400,达到法定,中国,342432,3424
2014012600014440,出来单挑,,,
2014012700014460,测试公众号,中国,asfsadfsdfds,dfsafdsa
2014012700014460,尧米公众号,中国,欢迎访问尧米公众账号,尧米公众账号： 负责餐饮、休闲娱乐
2014021000014510,千年盐都,,,
2014021000014510,个人用户,,,
2014021100014520,尧米马年一,中国|上海|上海市,尧米欢迎你的关注（界面）,IT， 残影
2014021200014550,先爽后付,浙江省,先爽后付,先爽后付
2013090600011200,国家电网公司江西公司(吉安电力),江西,从今天起，告别排队，告别等待，查询缴费分分钟搞定！,为您提供免费的查询、缴费、提醒、自动代扣等服务。让您足不出户，享受一站式缴费服务。本服务由支付宝官方提供。
2013090600011200,国家电网公司江西公司(宜春电力),江西,从今天起，告别排队，告别等待，查询缴费分分钟搞定！,为您提供免费的查询、缴费、提醒、自动代扣等服务。让您足不出户，享受一站式缴费服务。本服务由支付宝官方提供。
2013090600011200,国家电网公司江西公司(赣州电力),江西,从今天起，告别排队，告别等待，查询缴费分分钟搞定！,为您提供免费的查询、缴费、提醒、自动代扣等服务。让您足不出户，享受一站式缴费服务。本服务由支付宝官方提供。
2013090600011200,国家电网公司江西公司（南昌市区）,江西,从今天起，告别排队，告别等待，查询缴费分分钟搞定！,为您提供免费的查询、缴费、提醒、自动代扣等服务。让您足不出户，享受一站式缴费服务。本服务由支付宝官方提供。
2013090600011200,南京电费（代充值）,江苏,从今天起，告别排队，告别等待，查询缴费分分钟搞定！,为您提供免费的查询、缴费、提醒、自动代扣等服务。让您足不出户，享受一站式缴费服务。本服务由支付宝官方提供。
2013090600011200,南通电费（代充值）,江苏,从今天起，告别排队，告别等待，查询缴费分分钟搞定！,为您提供免费的查询、缴费、提醒、自动代扣等服务。让您足不出户，享受一站式缴费服务。本服务由支付宝官方提供。
2013090600011200,宿迁电费（代充值）,江苏,从今天起，告别排队，告别等待，查询缴费分分钟搞定！,为您提供免费的查询、缴费、提醒、自动代扣等服务。让您足不出户，享受一站式缴费服务。本服务由支付宝官方提供。
2013090600011200,常州电费（代充值）,江苏,从今天起，告别排队，告别等待，查询缴费分分钟搞定！,为您提供免费的查询、缴费、提醒、自动代扣等服务。让您足不出户，享受一站式缴费服务。本服务由支付宝官方提供。
2013090600011200,徐州电费（代充值）,江苏,从今天起，告别排队，告别等待，查询缴费分分钟搞定！,为您提供免费的查询、缴费、提醒、自动代扣等服务。让您足不出户，享受一站式缴费服务。本服务由支付宝官方提供。
2013090600011210,扬州电费（代充值）,江苏,从今天起，告别排队，告别等待，查询缴费分分钟搞定！,为您提供免费的查询、缴费、提醒、自动代扣等服务。让您足不出户，享受一站式缴费服务。本服务由支付宝官方提供。
2013090600011210,无锡电费（代充值）,江苏,从今天起，告别排队，告别等待，查询缴费分分钟搞定！,为您提供免费的查询、缴费、提醒、自动代扣等服务。让您足不出户，享受一站式缴费服务。本服务由支付宝官方提供。
2013090600011210,泰州电费（代充值）,江苏,从今天起，告别排队，告别等待，查询缴费分分钟搞定！,为您提供免费的查询、缴费、提醒、自动代扣等服务。让您足不出户，享受一站式缴费服务。本服务由支付宝官方提供。
2013090600011210,淮安电费（代充值）,江苏,从今天起，告别排队，告别等待，查询缴费分分钟搞定！,为您提供免费的查询、缴费、提醒、自动代扣等服务。让您足不出户，享受一站式缴费服务。本服务由支付宝官方提供。
2013090600011210,盐城电费（代充值）,江苏,从今天起，告别排队，告别等待，查询缴费分分钟搞定！,为您提供免费的查询、缴费、提醒、自动代扣等服务。让您足不出户，享受一站式缴费服务。本服务由支付宝官方提供。
2013090600011210,苏州电费（代充值）,江苏,从今天起，告别排队，告别等待，查询缴费分分钟搞定！,为您提供免费的查询、缴费、提醒、自动代扣等服务。让您足不出户，享受一站式缴费服务。本服务由支付宝官方提供。
2013090600011210,连云港电费（代充值）,江苏,从今天起，告别排队，告别等待，查询缴费分分钟搞定！,为您提供免费的查询、缴费、提醒、自动代扣等服务。让您足不出户，享受一站式缴费服务。本服务由支付宝官方提供。
2013090600011210,镇江电费（代充值）,江苏,从今天起，告别排队，告别等待，查询缴费分分钟搞定！,为您提供免费的查询、缴费、提醒、自动代扣等服务。让您足不出户，享受一站式缴费服务。本服务由支付宝官方提供。
2013090600011210,历城供电局,山东,从今天起，告别排队，告别等待，查询缴费分分钟搞定！,为您提供免费的查询、缴费、提醒、自动代扣等服务。让您足不出户，享受一站式缴费服务。本服务由支付宝官方提供。
2013090600011210,重庆市电力公司,重庆,从今天起，告别排队，告别等待，查询缴费分分钟搞定！,为您提供免费的查询、缴费、提醒、自动代扣等服务。让您足不出户，享受一站式缴费服务。本服务由支付宝官方提供。
2013090600011220,黑龙江省电力公司,黑龙江,从今天起，告别排队，告别等待，查询缴费分分钟搞定！,为您提供免费的查询、缴费、提醒、自动代扣等服务。让您足不出户，享受一站式缴费服务。本服务由支付宝官方提供。
2013090600011220,广州市电力公司,广东,从今天起，告别排队，告别等待，查询缴费分分钟搞定！,为您提供免费的查询、缴费、提醒、自动代扣等服务。让您足不出户，享受一站式缴费服务。本服务由支付宝官方提供。
2013090600011220,济南供电公司,山东,从今天起，告别排队，告别等待，查询缴费分分钟搞定！,为您提供免费的查询、缴费、提醒、自动代扣等服务。让您足不出户，享受一站式缴费服务。本服务由支付宝官方提供。
2013090600011470,苏州市相城区自来水公司,江苏,从今天起，告别排队，告别等待，查询缴费分分钟搞定！,为您提供免费的查询、缴费、提醒、自动代扣等服务。让您足不出户，享受一站式缴费服务。本服务由支付宝官方提供。
2013090600011470,苏州自来水公司,江苏,从今天起，告别排队，告别等待，查询缴费分分钟搞定！,为您提供免费的查询、缴费、提醒、自动代扣等服务。让您足不出户，享受一站式缴费服务。本服务由支付宝官方提供。
2013090600011470,深圳水务集团,广东,从今天起，告别排队，告别等待，查询缴费分分钟搞定！,为您提供免费的查询、缴费、提醒、自动代扣等服务。让您足不出户，享受一站式缴费服务。本服务由支付宝官方提供。
2013090600011470,长沙供水有限公司,湖南,从今天起，告别排队，告别等待，查询缴费分分钟搞定！,为您提供免费的查询、缴费、提醒、自动代扣等服务。让您足不出户，享受一站式缴费服务。本服务由支付宝官方提供。
2013090600011470,太原市自来水公司,山西,从今天起，告别排队，告别等待，查询缴费分分钟搞定！,为您提供免费的查询、缴费、提醒、自动代扣等服务。让您足不出户，享受一站式缴费服务。本服务由支付宝官方提供。
2013090600011470,济南水业集团有限责任公司,山东,从今天起，告别排队，告别等待，查询缴费分分钟搞定！,为您提供免费的查询、缴费、提醒、自动代扣等服务。让您足不出户，享受一站式缴费服务。本服务由支付宝官方提供。
2013090600011470,新乡市自来水公司,河南,从今天起，告别排队，告别等待，查询缴费分分钟搞定！,为您提供免费的查询、缴费、提醒、自动代扣等服务。让您足不出户，享受一站式缴费服务。本服务由支付宝官方提供。
2013090600011470,广东东莞水务公司,广东,从今天起，告别排队，告别等待，查询缴费分分钟搞定！,为您提供免费的查询、缴费、提醒、自动代扣等服务。让您足不出户，享受一站式缴费服务。本服务由支付宝官方提供。
2013090600011470,重庆市中法水务公司,重庆,从今天起，告别排队，告别等待，查询缴费分分钟搞定！,为您提供免费的查询、缴费、提醒、自动代扣等服务。让您足不出户，享受一站式缴费服务。本服务由支付宝官方提供。
2013090600011470,重庆市二次供水公司,重庆,从今天起，告别排队，告别等待，查询缴费分分钟搞定！,为您提供免费的查询、缴费、提醒、自动代扣等服务。让您足不出户，享受一站式缴费服务。本服务由支付宝官方提供。
2013090600011480,重庆市自来水公司,重庆,从今天起，告别排队，告别等待，查询缴费分分钟搞定！,为您提供免费的查询、缴费、提醒、自动代扣等服务。让您足不出户，享受一站式缴费服务。本服务由支付宝官方提供。
2013090600011480,上海浦东威立雅自来水有限公司,上海,从今天起，告别排队，告别等待，查询缴费分分钟搞定！,为您提供免费的查询、缴费、提醒、自动代扣等服务。让您足不出户，享受一站式缴费服务。本服务由支付宝官方提供。
2013090600011480,瑞安市凤山水务有限公司,浙江,从今天起，告别排队，告别等待，查询缴费分分钟搞定！,为您提供免费的查询、缴费、提醒、自动代扣等服务。让您足不出户，享受一站式缴费服务。本服务由支付宝官方提供。
2013090600011480,天津泰达津联自来水有限公司,天津,从今天起，告别排队，告别等待，查询缴费分分钟搞定！,为您提供免费的查询、缴费、提醒、自动代扣等服务。让您足不出户，享受一站式缴费服务。本服务由支付宝官方提供。
2013090600011480,汕头市自来水总公司,广东,从今天起，告别排队，告别等待，查询缴费分分钟搞定！,为您提供免费的查询、缴费、提醒、自动代扣等服务。让您足不出户，享受一站式缴费服务。本服务由支付宝官方提供。
2013090600011480,绍兴市自来水有限公司,浙江,从今天起，告别排队，告别等待，查询缴费分分钟搞定！,为您提供免费的查询、缴费、提醒、自动代扣等服务。让您足不出户，享受一站式缴费服务。本服务由支付宝官方提供。
2013090600011480,上虞市自来水有限责任公司,浙江,从今天起，告别排队，告别等待，查询缴费分分钟搞定！,为您提供免费的查询、缴费、提醒、自动代扣等服务。让您足不出户，享受一站式缴费服务。本服务由支付宝官方提供。
2013090600011480,湖州市水务集团有限公司,浙江,从今天起，告别排队，告别等待，查询缴费分分钟搞定！,为您提供免费的查询、缴费、提醒、自动代扣等服务。让您足不出户，享受一站式缴费服务。本服务由支付宝官方提供。
2013090600011480,重庆东渝自来水,重庆,从今天起，告别排队，告别等待，查询缴费分分钟搞定！,为您提供免费的查询、缴费、提醒、自动代扣等服务。让您足不出户，享受一站式缴费服务。本服务由支付宝官方提供。
2013090600011480,无锡市自来水总公司(后付费),江苏,从今天起，告别排队，告别等待，查询缴费分分钟搞定！,为您提供免费的查询、缴费、提醒、自动代扣等服务。让您足不出户，享受一站式缴费服务。本服务由支付宝官方提供。
2013090600011490,芜湖华衍水务有限公司,安徽,从今天起，告别排队，告别等待，查询缴费分分钟搞定！,为您提供免费的查询、缴费、提醒、自动代扣等服务。让您足不出户，享受一站式缴费服务。本服务由支付宝官方提供。
2013090600011490,北京市热力集团有限责任公司,北京,从今天起，告别排队，告别等待，查询缴费分分钟搞定！,为您提供免费的查询、缴费、提醒、自动代扣等服务。让您足不出户，享受一站式缴费服务。本服务由支付宝官方提供。
2014021300014570,先爽后付2,,,
2014021300014570,集成测试一（请勿修改）,,Hello，使用者,用于集成测试
2014021700014630,玉米汁儿01,,,
2014021700014640,CRM演示,,,
2014021700014640,dfsafs,,,
2013122100013420,风刀0,中国,"<?xml version=""1.0"" encoding=""gbk""?>
<XML>
  <ToUserId></ToUserId>
  <AgreementId></AgreementId>
  <AppId><![CDATA[2013121000054874]]></AppId>
  <GroupId></GroupId>
  <CreateTime><![CDATA[1388394547000]]></CreateTime>
  <MsgType><![CDATA[image-text]]></MsgType>
  <ArticleCount><![CDATA[4]]></ArticleCount>
  <Articles>
    <Item>
      <Title><![CDATA[第一条这是南霁云发的标配图一无可奈何顶替]]></Title>
      <Desc><![CDATA[这是摘要的位置我就输入了一下而已这是摘要的位置我就输入了一下而已这是摘要的位置我就输入了一下而已这是摘要的位转]]></Desc>
      <ImageUrl><![CDATA[http://pic.alipayobjects.com/e/201312/1mtchSRjBV.jpg_[pixelWidth]x.jpg]]></ImageUrl>
      <Url><![CDATA[http://tfs.stable.alipay.net/images/partner/T15VtXXmFaXXbMsGbX.html]]></Url>
      <ActionName><![CDATA[这是立即查看的位]]></ActionName>
    </Item>
    <Item>
      <Title><![CDATA[第二条多图文消息时厅霜在霜城要城城中时国]]></Title>
      <Desc></Desc>
      <ImageUrl><![CDATA[http://pic.alipayobjects.com/e/201312/1mtlnQHzNd.png_[pixelWidth]x.png]]></ImageUrl>
      <Url><![CDATA[http://tfs.stable.alipay.net/images/partner/T15XtXXo8aXXbMsGbX.html]]></Url>
      <ActionName></ActionName>
    </Item>
    <Item>
      <Title><![CDATA[困顺地桔柑地梦想成真东奔西走]]></Title>
      <Desc></Desc>
      <ImageUrl><![CDATA[http://pic.alipayobjects.com/e/201312/1mtgIjQNsD.png_[pixelWidth]x.png]]></ImageUrl>
      <Url><![CDATA[http://tfs.stable.alipay.net/images/partner/T15FtXXnBaXXbMsGbX.html]]></Url>
      <ActionName></ActionName>
    </Item>
    <Item>
      <Title><![CDATA[这是第四条这是第四条这是第四条这是第四条]]></Title>
      <Desc></Desc>
      <ImageUrl><![CDATA[http://pic.alipayobjects.com/e/201312/1mtn26vskv.jpg_[pixelWidth]x.jpg]]></ImageUrl>
      <Url><![CDATA[http://tfs.stable.alipay.net/images/partner/T16VtXXldaXXbMsGbX.html]]></Url>
      <ActionName></ActionName>
    </Item>
  </Articles>
  <Push><![CDATA[true]]></Push>
</XML>",风刀0，描述个头啊
2013090600010970,招商银行信用卡,全国,欢迎使用支付宝公众服务！,提供全新的移动互联网体验，为您带来立即还款、还款明细、银行热线等功能，真正实现一机在手，服务随走。本服务由支付宝官方提供。
2014021700014650,芒果汁儿01,,欢迎,
2013111100012510,双十一大促,,"<?xml version=""1.0"" encoding=""gbk""?>
<XML>
  <ToUserId></ToUserId>
  <AgreementId></AgreementId>
  <AppId><![CDATA[2013111100012512]]></AppId>
  <GroupId></GroupId>
  <CreateTime><![CDATA[1392709374000]]></CreateTime>
  <MsgType><![CDATA[image-text]]></MsgType>
  <ArticleCount><![CDATA[1]]></ArticleCount>
  <Articles>
    <Item>
      <Title><![CDATA[赠人玫瑰，留有余香]]></Title>
      <Desc><![CDATA[留下]]></Desc>
      <ImageUrl></ImageUrl>
      <Url><![CDATA[http://tfs.stable.alipay.net/images/partner/T1lXxXXjNaXXbMsGbX.html]]></Url>
      <ActionName></ActionName>
    </Item>
  </Articles>
  <Push><![CDATA[true]]></Push>
</XML>",4如蚊负山传销毒品
2014021800014670,美宜佳测试123,中国,的放萨芬的是,的萨芬的萨芬撒大发
2014022000014680,220尧米公众服务,,欢迎你，220尧米,欢迎你，220尧米
2013090600010960,乌鲁木齐市商业银行信用卡,,欢迎使用支付宝公众服务！,提供全新的移动互联网体验，为您带来立即还款、还款明细、账单查询等功能，真正实现一机在手，服务随走。本服务由支付宝官方提供。
2013090600011220,历城区供电公司,山东,从今天起，告别排队，告别等待，查询缴费分分钟搞定！,为您提供免费的查询、缴费、提醒、自动代扣等服务。让您足不出户，享受一站式缴费服务。本服务由支付宝官方提供。
2013090600011220,长清区供电公司,山东,从今天起，告别排队，告别等待，查询缴费分分钟搞定！,为您提供免费的查询、缴费、提醒、自动代扣等服务。让您足不出户，享受一站式缴费服务。本服务由支付宝官方提供。
2013090600011220,平阴县供电公司,山东,从今天起，告别排队，告别等待，查询缴费分分钟搞定！,为您提供免费的查询、缴费、提醒、自动代扣等服务。让您足不出户，享受一站式缴费服务。本服务由支付宝官方提供。
2013090600011220,济阳县供电公司,山东,从今天起，告别排队，告别等待，查询缴费分分钟搞定！,为您提供免费的查询、缴费、提醒、自动代扣等服务。让您足不出户，享受一站式缴费服务。本服务由支付宝官方提供。
2013090600011220,商河县供电公司,山东,从今天起，告别排队，告别等待，查询缴费分分钟搞定！,为您提供免费的查询、缴费、提醒、自动代扣等服务。让您足不出户，享受一站式缴费服务。本服务由支付宝官方提供。
2013090600011220,章丘市供电公司,山东,从今天起，告别排队，告别等待，查询缴费分分钟搞定！,为您提供免费的查询、缴费、提醒、自动代扣等服务。让您足不出户，享受一站式缴费服务。本服务由支付宝官方提供。
2013090600011220,青岛供电公司,山东,从今天起，告别排队，告别等待，查询缴费分分钟搞定！,为您提供免费的查询、缴费、提醒、自动代扣等服务。让您足不出户，享受一站式缴费服务。本服务由支付宝官方提供。
2013090600011230,胶州市供电公司,山东,从今天起，告别排队，告别等待，查询缴费分分钟搞定！,为您提供免费的查询、缴费、提醒、自动代扣等服务。让您足不出户，享受一站式缴费服务。本服务由支付宝官方提供。
2013090600011230,即墨市供电公司,山东,从今天起，告别排队，告别等待，查询缴费分分钟搞定！,为您提供免费的查询、缴费、提醒、自动代扣等服务。让您足不出户，享受一站式缴费服务。本服务由支付宝官方提供。
2013090600011230,平度市供电公司,山东,从今天起，告别排队，告别等待，查询缴费分分钟搞定！,为您提供免费的查询、缴费、提醒、自动代扣等服务。让您足不出户，享受一站式缴费服务。本服务由支付宝官方提供。
2013090600011230,胶南市供电公司,山东,从今天起，告别排队，告别等待，查询缴费分分钟搞定！,为您提供免费的查询、缴费、提醒、自动代扣等服务。让您足不出户，享受一站式缴费服务。本服务由支付宝官方提供。
2013090600011230,莱西市供电公司,山东,从今天起，告别排队，告别等待，查询缴费分分钟搞定！,为您提供免费的查询、缴费、提醒、自动代扣等服务。让您足不出户，享受一站式缴费服务。本服务由支付宝官方提供。
2013090600011230,淄博供电公司,山东,从今天起，告别排队，告别等待，查询缴费分分钟搞定！,为您提供免费的查询、缴费、提醒、自动代扣等服务。让您足不出户，享受一站式缴费服务。本服务由支付宝官方提供。
2013090600011230,桓台县供电公司,山东,从今天起，告别排队，告别等待，查询缴费分分钟搞定！,为您提供免费的查询、缴费、提醒、自动代扣等服务。让您足不出户，享受一站式缴费服务。本服务由支付宝官方提供。
2013090600011230,高青县供电公司,山东,从今天起，告别排队，告别等待，查询缴费分分钟搞定！,为您提供免费的查询、缴费、提醒、自动代扣等服务。让您足不出户，享受一站式缴费服务。本服务由支付宝官方提供。
2013090600011230,沂源县供电公司,山东,从今天起，告别排队，告别等待，查询缴费分分钟搞定！,为您提供免费的查询、缴费、提醒、自动代扣等服务。让您足不出户，享受一站式缴费服务。本服务由支付宝官方提供。
2013090600011230,枣庄供电公司,山东,从今天起，告别排队，告别等待，查询缴费分分钟搞定！,为您提供免费的查询、缴费、提醒、自动代扣等服务。让您足不出户，享受一站式缴费服务。本服务由支付宝官方提供。
2013090600011240,东营供电公司,山东,从今天起，告别排队，告别等待，查询缴费分分钟搞定！,为您提供免费的查询、缴费、提醒、自动代扣等服务。让您足不出户，享受一站式缴费服务。本服务由支付宝官方提供。
2013090600011240,东营区供电公司,山东,从今天起，告别排队，告别等待，查询缴费分分钟搞定！,为您提供免费的查询、缴费、提醒、自动代扣等服务。让您足不出户，享受一站式缴费服务。本服务由支付宝官方提供。
2013090600011240,河口区供电公司,山东,从今天起，告别排队，告别等待，查询缴费分分钟搞定！,为您提供免费的查询、缴费、提醒、自动代扣等服务。让您足不出户，享受一站式缴费服务。本服务由支付宝官方提供。
2013090600011240,垦利县供电公司,山东,从今天起，告别排队，告别等待，查询缴费分分钟搞定！,为您提供免费的查询、缴费、提醒、自动代扣等服务。让您足不出户，享受一站式缴费服务。本服务由支付宝官方提供。
2013090600011240,利津县供电公司,山东,从今天起，告别排队，告别等待，查询缴费分分钟搞定！,为您提供免费的查询、缴费、提醒、自动代扣等服务。让您足不出户，享受一站式缴费服务。本服务由支付宝官方提供。
2013090600011240,广饶县供电公司,山东,从今天起，告别排队，告别等待，查询缴费分分钟搞定！,为您提供免费的查询、缴费、提醒、自动代扣等服务。让您足不出户，享受一站式缴费服务。本服务由支付宝官方提供。
2013090600011490,济南热电（供暖费）,山东,从今天起，告别排队，告别等待，查询缴费分分钟搞定！,为您提供免费的查询、缴费、提醒、自动代扣等服务。让您足不出户，享受一站式缴费服务。本服务由支付宝官方提供。
2013090600011490,青岛市公用事业收费服务中心(便民卡充值),山东,从今天起，告别排队，告别等待，查询缴费分分钟搞定！,为您提供免费的查询、缴费、提醒、自动代扣等服务。让您足不出户，享受一站式缴费服务。本服务由支付宝官方提供。
2013090600011490,上海市青浦燃气管理所,上海,从今天起，告别排队，告别等待，查询缴费分分钟搞定！,为您提供免费的查询、缴费、提醒、自动代扣等服务。让您足不出户，享受一站式缴费服务。本服务由支付宝官方提供。
2013090600011490,合肥市燃气公司,安徽,从今天起，告别排队，告别等待，查询缴费分分钟搞定！,为您提供免费的查询、缴费、提醒、自动代扣等服务。让您足不出户，享受一站式缴费服务。本服务由支付宝官方提供。
2013090600011490,海口市民生管道燃气有限公司,海南,从今天起，告别排队，告别等待，查询缴费分分钟搞定！,为您提供免费的查询、缴费、提醒、自动代扣等服务。让您足不出户，享受一站式缴费服务。本服务由支付宝官方提供。
2013090600011490,哈尔滨市中庆燃气有限公司,黑龙江,从今天起，告别排队，告别等待，查询缴费分分钟搞定！,为您提供免费的查询、缴费、提醒、自动代扣等服务。让您足不出户，享受一站式缴费服务。本服务由支付宝官方提供。
2013090600011490,佛山禅城燃气分公司,广东,从今天起，告别排队，告别等待，查询缴费分分钟搞定！,为您提供免费的查询、缴费、提醒、自动代扣等服务。让您足不出户，享受一站式缴费服务。本服务由支付宝官方提供。
2013090600011490,广州燃气集团有限公司,广东,从今天起，告别排队，告别等待，查询缴费分分钟搞定！,为您提供免费的查询、缴费、提醒、自动代扣等服务。让您足不出户，享受一站式缴费服务。本服务由支付宝官方提供。
2013090600011500,绍兴燃气公司,浙江,从今天起，告别排队，告别等待，查询缴费分分钟搞定！,为您提供免费的查询、缴费、提醒、自动代扣等服务。让您足不出户，享受一站式缴费服务。本服务由支付宝官方提供。
2013090600011500,开封新奥燃气有限公司,河南,从今天起，告别排队，告别等待，查询缴费分分钟搞定！,为您提供免费的查询、缴费、提醒、自动代扣等服务。让您足不出户，享受一站式缴费服务。本服务由支付宝官方提供。
2013090600011500,无锡燃气股份有限公司,江苏,从今天起，告别排队，告别等待，查询缴费分分钟搞定！,为您提供免费的查询、缴费、提醒、自动代扣等服务。让您足不出户，享受一站式缴费服务。本服务由支付宝官方提供。
2013090600011500,朝阳市燃气公司,辽宁,从今天起，告别排队，告别等待，查询缴费分分钟搞定！,为您提供免费的查询、缴费、提醒、自动代扣等服务。让您足不出户，享受一站式缴费服务。本服务由支付宝官方提供。
2013090600011500,淮北市燃气公司,安徽,从今天起，告别排队，告别等待，查询缴费分分钟搞定！,为您提供免费的查询、缴费、提醒、自动代扣等服务。让您足不出户，享受一站式缴费服务。本服务由支付宝官方提供。
2013090600011500,洛阳新奥华油燃气有限公司,河南,从今天起，告别排队，告别等待，查询缴费分分钟搞定！,为您提供免费的查询、缴费、提醒、自动代扣等服务。让您足不出户，享受一站式缴费服务。本服务由支付宝官方提供。
2013090600011500,福州华润燃气公司,福建,从今天起，告别排队，告别等待，查询缴费分分钟搞定！,为您提供免费的查询、缴费、提醒、自动代扣等服务。让您足不出户，享受一站式缴费服务。本服务由支付宝官方提供。
2013090600011500,潍坊港华燃气有限公司,山东,从今天起，告别排队，告别等待，查询缴费分分钟搞定！,为您提供免费的查询、缴费、提醒、自动代扣等服务。让您足不出户，享受一站式缴费服务。本服务由支付宝官方提供。
2013090600011500,成都市煤气公司,四川,从今天起，告别排队，告别等待，查询缴费分分钟搞定！,为您提供免费的查询、缴费、提醒、自动代扣等服务。让您足不出户，享受一站式缴费服务。本服务由支付宝官方提供。
2013090600011500,郑州燃气股份有限公司,河南,从今天起，告别排队，告别等待，查询缴费分分钟搞定！,为您提供免费的查询、缴费、提醒、自动代扣等服务。让您足不出户，享受一站式缴费服务。本服务由支付宝官方提供。
2013090600011510,昆明煤气总公司,云南,从今天起，告别排队，告别等待，查询缴费分分钟搞定！,为您提供免费的查询、缴费、提醒、自动代扣等服务。让您足不出户，享受一站式缴费服务。本服务由支付宝官方提供。
2013090600011510,南通市燃气公司,江苏,从今天起，告别排队，告别等待，查询缴费分分钟搞定！,为您提供免费的查询、缴费、提醒、自动代扣等服务。让您足不出户，享受一站式缴费服务。本服务由支付宝官方提供。
2013090600011510,南通海安燃气公司（海安县）,江苏,从今天起，告别排队，告别等待，查询缴费分分钟搞定！,为您提供免费的查询、缴费、提醒、自动代扣等服务。让您足不出户，享受一站式缴费服务。本服务由支付宝官方提供。
2013090600011510,徐州市港华燃气公司,江苏,从今天起，告别排队，告别等待，查询缴费分分钟搞定！,为您提供免费的查询、缴费、提醒、自动代扣等服务。让您足不出户，享受一站式缴费服务。本服务由支付宝官方提供。
2013090600011510,扬州市燃气公司,江苏,从今天起，告别排队，告别等待，查询缴费分分钟搞定！,为您提供免费的查询、缴费、提醒、自动代扣等服务。让您足不出户，享受一站式缴费服务。本服务由支付宝官方提供。
2014022100014730,普通服务0226测试,,,
2014022100014730,官方-0226测试,,,
2014022700014800,test曾小婷,,,
2014030300014840,0303尧米公众号,,,
2014030600014900,3.6sit回归测试,,,
2014030600014900,公众号测试,,,公众号测试888
